# Blender 4.3.2
# www.blender.org
mtllib Rocket.mtl
o Rocket
v -0.049456 0.296641 -0.113317
v 0.011658 0.275590 -0.229550
v 0.114328 0.288096 -0.313160
v -0.025619 0.295397 -0.355671
v -0.000313 0.294077 -0.098389
v 0.074631 0.290167 -0.345783
v -0.070909 0.297760 -0.331429
v 0.050794 0.291411 -0.103430
v -0.103488 0.299460 -0.291678
v 0.096084 0.289048 -0.127671
v -0.118395 0.300237 -0.242468
v 0.128663 0.287349 -0.167422
v -0.113362 0.299975 -0.191292
v 0.143570 0.286571 -0.216632
v -0.089154 0.298712 -0.145940
v 0.138537 0.286834 -0.267808
v 0.025488 0.292731 -0.360711
v 0.091174 0.307475 -0.270262
v -0.027223 0.313132 -0.151579
v 0.005572 0.311421 -0.316678
v 0.081166 0.308484 -0.284273
v -0.011315 0.312302 -0.144981
v -0.011315 0.312302 -0.313314
v 0.069432 0.308609 -0.296790
v 0.005572 0.311421 -0.141618
v -0.027223 0.313132 -0.306716
v 0.055571 0.308829 -0.306705
v 0.022791 0.310522 -0.141618
v -0.041540 0.313878 -0.297137
v 0.039678 0.309641 -0.313314
v 0.039678 0.309641 -0.144981
v -0.053715 0.314514 -0.284945
v 0.022791 0.310522 -0.316678
v 0.055586 0.308811 -0.151580
v -0.063281 0.315013 -0.270609
v 0.069903 0.308065 -0.161159
v -0.069871 0.315356 -0.254679
v 0.082078 0.307429 -0.173351
v -0.073230 0.315532 -0.237769
v 0.091644 0.306930 -0.187687
v -0.073230 0.315532 -0.220527
v 0.098234 0.306587 -0.203616
v -0.069871 0.315356 -0.203616
v 0.101593 0.306411 -0.220527
v -0.063281 0.315013 -0.187687
v 0.101593 0.306411 -0.237769
v -0.053715 0.314514 -0.173351
v 0.098219 0.306604 -0.254669
v -0.041540 0.313878 -0.161159
v 0.098101 0.322936 -0.202949
v -0.063381 0.331360 -0.187023
v 0.101460 0.322760 -0.237095
v -0.041644 0.330226 -0.160500
v 0.091499 0.323296 -0.269918
v -0.011426 0.328649 -0.144326
v 0.069762 0.324430 -0.296440
v -0.027330 0.329479 -0.306028
v 0.022674 0.326870 -0.140963
v 0.039558 0.325990 -0.312625
v -0.053817 0.330861 -0.284261
v 0.055463 0.325160 -0.150923
v 0.005459 0.327769 -0.315988
v -0.069969 0.331703 -0.254002
v 0.081949 0.323778 -0.172689
v -0.073327 0.331879 -0.219856
v 0.121294 0.043454 0.619293
v 0.021054 -0.009297 -1.021372
v 0.294486 0.134582 -0.014878
v 0.104819 0.034785 0.634825
v 0.081806 0.022677 -0.932671
v 0.288150 0.131248 0.074340
v 0.084288 0.023982 0.644584
v 0.152441 0.059843 -0.795380
v 0.272749 0.123145 0.184555
v 0.057841 0.010067 0.649890
v 0.217759 0.094211 -0.627644
v 0.242671 0.107319 0.315145
v 0.023621 -0.007939 0.652059
v 0.268767 0.121050 -0.440217
v 0.003058 -0.018759 0.652383
v 0.192303 0.080817 0.465485
v 0.296470 0.135626 -0.243852
v 0.136058 0.051222 0.595590
v 0.297364 0.136096 -0.083646
v 0.001431 -0.017099 0.652383
v 0.012292 0.315882 -0.083645
v 0.004488 0.117080 0.619293
v 0.000096 0.003880 -1.021372
v 0.012164 0.312632 -0.014878
v 0.003758 0.098477 0.634825
v 0.002737 0.072493 -0.932671
v 0.011883 0.305478 0.074340
v 0.002848 0.075295 0.644584
v 0.005868 0.152248 -0.795380
v 0.011201 0.288089 0.184555
v 0.001675 0.045434 0.649890
v 0.008763 0.226000 -0.627644
v 0.009868 0.254127 0.315145
v 0.000159 0.006796 0.652059
v 0.011024 0.283593 -0.440217
v -0.000753 -0.016423 0.652383
v 0.007635 0.197256 0.465485
v 0.012252 0.314873 -0.243852
v 0.005142 0.133749 0.595590
v -0.002980 -0.016927 0.652383
v -0.117653 0.052813 0.619293
v -0.021778 -0.007629 -1.021372
v -0.283168 0.157237 -0.014878
v -0.101908 0.042879 0.634825
v -0.079915 0.029004 -0.932671
v -0.277113 0.153417 0.074340
v -0.082287 0.030500 0.644584
v -0.147419 0.071593 -0.795380
v -0.262395 0.144131 0.184555
v -0.057013 0.014555 0.649890
v -0.209843 0.110976 -0.627644
v -0.233650 0.125996 0.315145
v -0.024309 -0.006078 0.652059
v -0.258589 0.141730 -0.440217
v -0.004657 -0.018477 0.652383
v -0.185515 0.095627 0.465485
v -0.285065 0.158434 -0.243852
v -0.131762 0.061715 0.595590
v -0.285919 0.158972 -0.083646
v -0.005334 -0.020658 0.652383
v -0.296259 -0.176226 -0.014878
v -0.106592 -0.076429 0.634825
v -0.083578 -0.064320 -0.932671
v -0.289923 -0.172892 0.074340
v -0.086060 -0.065626 0.644584
v -0.154214 -0.101486 -0.795380
v -0.274522 -0.164788 0.184555
v -0.059614 -0.051710 0.649890
v -0.219532 -0.135854 -0.627644
v -0.244444 -0.148962 0.315145
v -0.025394 -0.033705 0.652059
v -0.270540 -0.162693 -0.440217
v -0.004830 -0.022885 0.652383
v -0.194076 -0.122460 0.465485
v -0.298243 -0.177270 -0.243852
v -0.137831 -0.092866 0.595590
v -0.299137 -0.177740 -0.083646
v -0.123067 -0.085098 0.619293
v -0.022748 -0.032328 -1.021372
v -0.003280 -0.024562 0.652383
v -0.004589 -0.114154 -0.932671
v -0.013736 -0.347140 0.074340
v -0.004700 -0.116957 0.644584
v -0.007720 -0.193909 -0.795380
v -0.013053 -0.329750 0.184555
v -0.003528 -0.087096 0.649890
v -0.010616 -0.267661 -0.627644
v -0.011720 -0.295789 0.315145
v -0.002011 -0.048457 0.652059
v -0.012876 -0.325254 -0.440217
v -0.001099 -0.025239 0.652383
v -0.009487 -0.238918 0.465485
v -0.014104 -0.356534 -0.243852
v -0.006995 -0.175411 0.595590
v -0.014144 -0.357543 -0.083646
v -0.006340 -0.158741 0.619293
v -0.001843 -0.045518 -1.021372
v -0.014017 -0.354294 -0.014878
v -0.005610 -0.140139 0.634825
v 0.001128 -0.024735 0.652383
v 0.080437 -0.072161 0.644584
v 0.145570 -0.113253 -0.795380
v 0.260545 -0.185792 0.184555
v 0.055163 -0.056216 0.649890
v 0.207993 -0.152636 -0.627644
v 0.231800 -0.167657 0.315145
v 0.022459 -0.035583 0.652059
v 0.256740 -0.183391 -0.440217
v 0.002807 -0.023184 0.652383
v 0.183665 -0.137288 0.465485
v 0.283215 -0.200094 -0.243852
v 0.129912 -0.103376 0.595590
v 0.284069 -0.200633 -0.083646
v 0.115803 -0.094474 0.619293
v 0.020035 -0.034007 -1.021372
v 0.281319 -0.198898 -0.014878
v 0.100058 -0.084540 0.634825
v 0.078065 -0.070664 -0.932671
v 0.275263 -0.195078 0.074340
v 0.003561 -0.020986 0.652383
v 0.006813 0.349183 -0.313261
v -0.024962 0.350841 -0.303609
v -0.050630 0.352180 -0.282515
v -0.066282 0.352996 -0.253191
v -0.069537 0.353166 -0.220102
v -0.059898 0.352663 -0.188284
v -0.038833 0.351564 -0.162581
v -0.009550 0.350036 -0.146907
v 0.023495 0.348313 -0.143648
v 0.055270 0.346655 -0.153300
v 0.080938 0.345316 -0.174394
v 0.096590 0.344499 -0.203717
v 0.099845 0.344330 -0.236807
v 0.090206 0.344832 -0.268625
v 0.069141 0.345931 -0.294328
v 0.039857 0.347459 -0.310001
v 0.015296 0.351476 -0.228454
v -0.017987 0.336131 -0.337542
v -0.023742 0.326226 -0.354787
v -0.056767 0.338154 -0.316785
v -0.068715 0.328572 -0.330716
v -0.084663 0.339609 -0.282748
v -0.101066 0.330260 -0.291243
v -0.097428 0.340275 -0.240611
v -0.115869 0.331032 -0.242378
v -0.093118 0.340050 -0.196791
v -0.110870 0.330771 -0.191560
v -0.072389 0.338969 -0.157958
v -0.086832 0.329517 -0.146526
v -0.038398 0.337196 -0.130024
v -0.047412 0.327461 -0.114131
v 0.003681 0.335000 -0.117242
v 0.001386 0.324915 -0.099308
v 0.047442 0.332717 -0.121558
v 0.052135 0.322267 -0.104313
v 0.086222 0.330694 -0.142315
v 0.097108 0.319921 -0.128385
v 0.114118 0.329239 -0.176353
v 0.129459 0.318234 -0.167857
v 0.126883 0.328573 -0.218489
v 0.144262 0.317461 -0.216722
v 0.122573 0.328798 -0.262309
v 0.139263 0.317722 -0.267540
v 0.101844 0.329879 -0.301142
v 0.115224 0.318976 -0.312575
v 0.067853 0.331653 -0.329076
v 0.075805 0.321033 -0.344969
v 0.025774 0.333848 -0.341858
v 0.027007 0.323578 -0.359792
v 0.014780 0.335430 -0.229550
v 0.015040 0.309458 -0.317753
v -0.002095 0.310352 -0.316063
v -0.018572 0.311211 -0.311058
v -0.033758 0.312004 -0.302930
v -0.047068 0.312698 -0.291992
v -0.057991 0.313268 -0.278664
v -0.066108 0.313691 -0.263458
v -0.071107 0.313952 -0.246958
v -0.072794 0.314040 -0.229799
v -0.071107 0.313952 -0.212640
v -0.066108 0.313691 -0.196140
v -0.057991 0.313268 -0.180934
v -0.047068 0.312698 -0.167606
v -0.033758 0.312003 -0.156668
v -0.018572 0.311211 -0.148540
v -0.002095 0.310352 -0.143535
v 0.015041 0.309458 -0.141845
v 0.032176 0.308564 -0.143535
v 0.048653 0.307704 -0.148540
v 0.063839 0.306912 -0.156668
v 0.077149 0.306218 -0.167606
v 0.088072 0.305648 -0.180934
v 0.096189 0.305224 -0.196140
v 0.101188 0.304964 -0.212640
v 0.102875 0.304876 -0.229799
v 0.101188 0.304964 -0.246958
v 0.095904 0.305554 -0.263248
v 0.086532 0.307429 -0.277529
v 0.075608 0.307999 -0.290858
v 0.063553 0.307242 -0.302720
v 0.048653 0.307704 -0.311058
v 0.032176 0.308564 -0.316063
v -0.000793 -0.020800 -1.039802
v -0.008516 -0.022549 0.652453
v -0.006700 -0.026186 0.652453
v -0.003268 -0.028373 0.652453
v 0.000817 -0.028534 0.652453
v 0.004435 -0.026630 0.652453
v 0.006616 -0.023172 0.652453
v 0.006777 -0.019087 0.652453
v 0.004873 -0.015469 0.652453
v 0.001415 -0.013288 0.652453
v -0.002670 -0.013128 0.652453
v -0.006287 -0.015032 0.652453
v -0.008443 -0.018483 0.652453
v 0.196772 -0.033909 0.130671
v 0.161879 -0.037929 0.341313
v 0.346426 -0.039770 0.908338
v 0.378879 -0.045814 0.710453
v 0.353992 -0.050194 0.558330
v 0.155660 -0.023769 0.290155
v 0.269854 -0.045469 0.459895
v 0.328154 -0.028070 1.043411
v 0.410750 -0.038801 0.917405
v 0.518439 -0.055285 0.632292
v 0.513502 -0.057981 0.365537
v 0.380579 -0.048975 0.193165
v 0.343211 0.025796 0.287487
v 0.231793 -0.007700 0.548079
v 0.457509 0.019325 0.432419
v 0.300429 -0.012418 0.622249
v 0.469741 0.010759 0.659444
v 0.330939 -0.015449 0.735730
v 0.322983 -0.015338 0.904679
v 0.388152 0.002429 0.913616
v 0.186911 0.028171 0.195387
v 0.312060 -0.014047 1.052590
v 0.355924 -0.067632 0.241251
v 0.315518 -0.063304 0.344159
v 0.238064 -0.027339 0.534548
v 0.228004 -0.016354 0.550414
v 0.175475 -0.030415 0.158718
v 0.164717 -0.026768 0.218996
v 0.478563 -0.076228 0.398843
v 0.419785 -0.070000 0.473875
v 0.309179 -0.031148 0.612512
v 0.296196 -0.020447 0.623825
v 0.488292 -0.070314 0.645761
v 0.436923 -0.062852 0.676313
v 0.338953 -0.030726 0.732031
v 0.326987 -0.022019 0.736098
v 0.327221 -0.028956 0.905475
v 0.319825 -0.021475 0.904188
v 0.395415 -0.049375 0.915049
v 0.372594 -0.048864 0.911980
v 0.329573 -0.035624 0.974758
v 0.329206 -0.036556 1.005561
v 0.317617 -0.031026 1.028212
v 0.373470 -0.045334 0.771755
v 0.362633 -0.043232 0.839185
v 0.368358 -0.049413 0.602483
v 0.377271 -0.046858 0.654470
v 0.301291 -0.047450 0.486589
v 0.331576 -0.049072 0.520449
v 0.176450 -0.048295 0.239746
v 0.173339 -0.045932 0.190504
v 0.186918 -0.050062 0.162172
v 0.156742 -0.031063 0.297709
v 0.185840 -0.039538 0.397330
v 0.230723 -0.042664 0.434074
v 0.313903 -0.028146 1.044003
v 0.309806 -0.021131 1.056056
v 0.329645 -0.032528 1.037268
v 0.371312 -0.033395 0.984958
v 0.344595 -0.030028 1.025363
v 0.489444 -0.050953 0.737469
v 0.453453 -0.045236 0.831577
v 0.529890 -0.058773 0.439075
v 0.533268 -0.057885 0.528207
v 0.437312 -0.052619 0.241392
v 0.482865 -0.055752 0.301139
v 0.143578 -0.012199 0.426359
v 0.147470 -0.020582 0.375140
v 0.149112 -0.025112 0.412456
v 0.243224 -0.038125 0.134630
v 0.312805 -0.044046 0.157714
v 0.195770 0.020129 0.140885
v 0.203254 -0.005154 0.128311
v 0.225972 0.030110 0.217189
v 0.285987 0.028620 0.251368
v 0.157309 0.012111 0.384609
v 0.161641 0.015799 0.314953
v 0.173772 0.022219 0.289983
v 0.255036 -0.009130 0.567285
v 0.280645 -0.010992 0.593069
v 0.390702 0.022950 0.328076
v 0.430034 0.020796 0.377649
v 0.313977 -0.013595 0.656296
v 0.324497 -0.014827 0.695632
v 0.473021 0.016786 0.496142
v 0.477958 0.012845 0.572642
v 0.449946 0.009285 0.748672
v 0.422384 0.006197 0.833464
v 0.332821 -0.015528 0.782644
v 0.330314 -0.015469 0.841119
v 0.356234 -0.001188 0.980803
v 0.336017 -0.005362 1.025355
v 0.337942 -0.003190 1.006224
v 0.313621 -0.015193 0.972021
v 0.307886 -0.014958 1.031251
v 0.362299 0.000083 0.910187
v 0.336893 -0.007858 0.906702
v 0.411155 0.003680 0.693867
v 0.357086 -0.006901 0.723613
v 0.390956 0.012487 0.517190
v 0.329717 -0.001258 0.591214
v 0.177700 0.024061 0.190504
v 0.155709 -0.004843 0.288517
v 0.159386 0.011367 0.297709
v 0.297031 0.018554 0.403432
v 0.253536 0.004140 0.505154
v 0.314970 -0.011035 1.044003
v 0.331133 -0.008639 1.037268
v 0.328984 -0.017898 1.045518
v 0.416726 -0.021418 0.918395
v 0.406523 -0.005151 0.916305
v 0.527794 -0.024902 0.631162
v 0.510387 0.002356 0.636703
v 0.524507 -0.023685 0.362509
v 0.504019 0.007611 0.376541
v 0.200825 -0.006104 0.532729
v 0.161945 -0.003347 0.502785
v 0.389048 -0.015504 0.186965
v 0.375022 0.014662 0.209810
v 0.320727 -0.011499 0.152062
v 0.250485 -0.007679 0.130369
v 0.240763 0.019772 0.148393
v 0.308906 0.017807 0.173899
v 0.151881 0.007579 0.371008
v 0.146318 -0.005154 0.375446
v 0.147532 -0.006605 0.472272
v 0.155581 0.004163 0.454301
v 0.474045 0.009049 0.313975
v 0.493382 -0.021861 0.297249
v 0.446633 -0.019053 0.235917
v 0.429998 0.011387 0.256561
v 0.523703 0.003968 0.535813
v 0.544162 -0.025336 0.525692
v 0.540943 -0.024774 0.436178
v 0.520216 0.006082 0.448648
v 0.448361 -0.002249 0.831359
v 0.460068 -0.022800 0.832399
v 0.496943 -0.023877 0.737780
v 0.483295 0.000549 0.738835
v 0.344364 -0.008801 1.023072
v 0.347384 -0.018663 1.026441
v 0.376162 -0.019909 0.985826
v 0.368246 -0.007221 0.983877
v 0.315888 -0.017559 1.054049
v 0.320016 -0.009884 1.042890
v 0.218578 0.005860 0.484509
v 0.252324 0.021013 0.372454
v 0.203047 0.023110 0.333745
v 0.176804 0.008605 0.450971
v 0.173102 0.021938 0.228886
v 0.308666 0.000364 0.557774
v 0.366913 0.014143 0.473779
v 0.333700 0.016302 0.434788
v 0.280790 0.002468 0.528036
v 0.353084 -0.005909 0.675738
v 0.412845 0.005197 0.627791
v 0.405533 0.009552 0.567764
v 0.343555 -0.003255 0.630208
v 0.348720 -0.007130 0.840431
v 0.384635 0.002324 0.837432
v 0.401062 0.003692 0.764311
v 0.355393 -0.006793 0.777572
v 0.314746 -0.010588 1.025978
v 0.324568 -0.006907 1.027897
v 0.340078 -0.002815 0.976777
v 0.323738 -0.008942 0.973172
v 0.330362 -0.005715 1.026775
v 0.167739 0.018987 0.271791
v 0.168685 0.015250 0.222077
v 0.178293 0.017441 0.162470
v 0.179861 -0.004390 0.158167
v 0.166609 -0.004744 0.218548
v 0.158594 -0.012038 0.505686
v 0.197318 -0.014324 0.535401
v 0.205874 -0.024875 0.517507
v 0.166031 -0.022757 0.486416
v 0.321954 -0.022442 1.050135
v 0.324102 -0.031455 1.040342
v 0.152613 -0.028258 0.334393
v 0.161330 -0.033498 0.259769
v 0.322915 -0.033433 1.027897
v 0.304920 -0.020425 1.033726
v 0.310388 -0.026113 1.026869
v 0.316826 -0.027311 0.972256
v 0.310590 -0.020774 0.972266
v 0.328517 -0.035334 1.026775
v 0.339475 -0.036050 1.023025
v 0.360421 -0.041832 0.982496
v 0.345970 -0.042030 0.978850
v 0.326856 -0.022005 0.840758
v 0.335892 -0.030252 0.841067
v 0.339690 -0.030809 0.781193
v 0.329093 -0.022165 0.782562
v 0.400425 -0.055457 0.835440
v 0.433502 -0.057964 0.831996
v 0.464812 -0.065322 0.742577
v 0.422097 -0.060400 0.756350
v 0.441658 -0.065287 0.599648
v 0.498994 -0.073729 0.550633
v 0.494599 -0.076235 0.467678
v 0.435075 -0.068962 0.531186
v 0.320373 -0.021675 0.696496
v 0.333239 -0.030807 0.689451
v 0.322897 -0.031339 0.648138
v 0.309749 -0.021189 0.657555
v 0.394000 -0.068368 0.424663
v 0.449707 -0.074031 0.339486
v 0.407796 -0.071014 0.285463
v 0.357693 -0.065996 0.380288
v 0.276476 -0.019286 0.594916
v 0.288959 -0.030168 0.581972
v 0.262585 -0.028892 0.554927
v 0.250990 -0.017793 0.569385
v 0.164085 -0.039660 0.271791
v 0.165488 -0.036069 0.222077
v 0.264662 -0.059676 0.309629
v 0.293501 -0.062769 0.205003
v 0.228961 -0.056246 0.175620
v 0.210399 -0.054639 0.271784
v 0.031779 0.199186 0.130671
v 0.035799 0.164293 0.341313
v 0.037640 0.348840 0.908338
v 0.043684 0.381293 0.710453
v 0.048064 0.356406 0.558330
v 0.021639 0.158073 0.290155
v 0.043339 0.272268 0.459895
v 0.025940 0.330568 1.043411
v 0.036670 0.413164 0.917405
v 0.053155 0.520853 0.632291
v 0.055851 0.515916 0.365537
v 0.046845 0.382993 0.193165
v -0.027926 0.345624 0.287487
v 0.005570 0.234206 0.548079
v -0.021455 0.459922 0.432419
v 0.010288 0.302843 0.622249
v -0.012889 0.472155 0.659444
v 0.013319 0.333353 0.735730
v 0.013208 0.325397 0.904679
v -0.004559 0.390566 0.913616
v -0.030302 0.189325 0.195387
v 0.011917 0.314474 1.052590
v 0.065501 0.358338 0.241251
v 0.061174 0.317932 0.344159
v 0.025209 0.240478 0.534548
v 0.014224 0.230418 0.550414
v 0.028285 0.177889 0.158718
v 0.024638 0.167130 0.218996
v 0.074097 0.480976 0.398842
v 0.067869 0.422199 0.473875
v 0.029018 0.311593 0.612512
v 0.018317 0.298609 0.623825
v 0.068184 0.490706 0.645761
v 0.060722 0.439336 0.676313
v 0.028596 0.341367 0.732031
v 0.019889 0.329401 0.736098
v 0.026826 0.329634 0.905475
v 0.019345 0.322239 0.904188
v 0.047244 0.397829 0.915049
v 0.046734 0.375008 0.911980
v 0.033494 0.331987 0.974758
v 0.034426 0.331620 1.005561
v 0.028896 0.320031 1.028212
v 0.043204 0.375884 0.771755
v 0.041102 0.365046 0.839185
v 0.047283 0.370772 0.602482
v 0.044728 0.379685 0.654470
v 0.045320 0.303705 0.486589
v 0.046941 0.333990 0.520448
v 0.046165 0.178864 0.239746
v 0.043801 0.175752 0.190504
v 0.047932 0.189331 0.162171
v 0.028933 0.159156 0.297709
v 0.037408 0.188254 0.397330
v 0.040533 0.233137 0.434074
v 0.026015 0.316317 1.044003
v 0.019001 0.312220 1.056055
v 0.030398 0.332058 1.037268
v 0.031265 0.373726 0.984957
v 0.027898 0.347008 1.025363
v 0.048823 0.491858 0.737468
v 0.043106 0.455866 0.831577
v 0.056643 0.532304 0.439075
v 0.055755 0.535682 0.528207
v 0.050488 0.439725 0.241391
v 0.053622 0.485278 0.301138
v 0.010069 0.145992 0.426359
v 0.018452 0.149883 0.375140
v 0.022982 0.151526 0.412456
v 0.035995 0.245638 0.134630
v 0.041915 0.315218 0.157714
v -0.022260 0.198184 0.140885
v 0.003023 0.205667 0.128311
v -0.032240 0.228386 0.217189
v -0.030750 0.288401 0.251368
v -0.014241 0.159723 0.384609
v -0.017929 0.164054 0.314953
v -0.024349 0.176186 0.289983
v 0.007000 0.257450 0.567285
v 0.008862 0.283059 0.593069
v -0.025081 0.393116 0.328076
v -0.022926 0.432448 0.377649
v 0.011465 0.316391 0.656296
v 0.012697 0.326911 0.695632
v -0.018916 0.475434 0.496141
v -0.014975 0.480371 0.572642
v -0.011416 0.452360 0.748672
v -0.008327 0.424798 0.833464
v 0.013398 0.335235 0.782644
v 0.013339 0.332727 0.841119
v -0.000942 0.358648 0.980802
v 0.003232 0.338430 1.025355
v 0.001060 0.340356 1.006224
v 0.013063 0.316035 0.972020
v 0.012827 0.310300 1.031251
v -0.002213 0.364713 0.910187
v 0.005728 0.339307 0.906702
v -0.005810 0.413569 0.693866
v 0.004771 0.359499 0.723613
v -0.014618 0.393369 0.517190
v -0.000872 0.332131 0.591214
v -0.026191 0.180113 0.190504
v 0.002712 0.158123 0.288517
v -0.013497 0.161799 0.297709
v -0.020684 0.299444 0.403432
v -0.006270 0.255950 0.505154
v 0.008905 0.317383 1.044003
v 0.006509 0.333547 1.037268
v 0.015767 0.331398 1.045518
v 0.019288 0.419140 0.918395
v 0.003020 0.408937 0.916305
v 0.022772 0.530208 0.631162
v -0.004486 0.512801 0.636702
v 0.021554 0.526920 0.362509
v -0.009741 0.506432 0.376540
v 0.003974 0.203238 0.532729
v 0.001217 0.164358 0.502784
v 0.013374 0.391461 0.186965
v -0.016792 0.377435 0.209810
v 0.009368 0.323140 0.152062
v 0.005548 0.252899 0.130369
v -0.021903 0.243176 0.148393
v -0.019938 0.311319 0.173898
v -0.009709 0.154295 0.371008
v 0.003023 0.148732 0.375445
v 0.004475 0.149946 0.472272
v -0.006294 0.157994 0.454301
v -0.011180 0.476459 0.313975
v 0.019730 0.495796 0.297249
v 0.016923 0.449046 0.235917
v -0.013517 0.432412 0.256560
v -0.006098 0.526117 0.535813
v 0.023206 0.546575 0.525692
v 0.022644 0.543356 0.436178
v -0.008212 0.522630 0.448648
v 0.000119 0.450774 0.831359
v 0.020670 0.462481 0.832399
v 0.021746 0.499357 0.737780
v -0.002679 0.485709 0.738835
v 0.006671 0.346778 1.023072
v 0.016533 0.349798 1.026441
v 0.017779 0.378576 0.985825
v 0.005091 0.370660 0.983877
v 0.015429 0.318302 1.054049
v 0.007754 0.322429 1.042890
v -0.007990 0.220992 0.484509
v -0.023144 0.254738 0.372454
v -0.025240 0.205460 0.333745
v -0.010735 0.179217 0.450971
v -0.024068 0.175515 0.228886
v -0.002494 0.311080 0.557773
v -0.016274 0.369327 0.473779
v -0.018432 0.336114 0.434788
v -0.004598 0.283204 0.528036
v 0.003778 0.355498 0.675738
v -0.007328 0.415258 0.627791
v -0.011683 0.407947 0.567764
v 0.001125 0.345969 0.630208
v 0.005000 0.351134 0.840431
v -0.004454 0.387048 0.837431
v -0.005822 0.403476 0.764311
v 0.004663 0.357806 0.777571
v 0.008458 0.317160 1.025977
v 0.004776 0.326982 1.027897
v 0.000685 0.342492 0.976777
v 0.006812 0.326152 0.973172
v 0.003585 0.332776 1.026775
v -0.021117 0.170153 0.271791
v -0.017380 0.171098 0.222077
v -0.019572 0.180707 0.162470
v 0.002260 0.182274 0.158167
v 0.002613 0.169022 0.218548
v 0.009908 0.161008 0.505686
v 0.012194 0.199732 0.535401
v 0.022745 0.208288 0.517507
v 0.020627 0.168445 0.486416
v 0.020312 0.324368 1.050135
v 0.029325 0.326516 1.040342
v 0.026127 0.155026 0.334393
v 0.031368 0.163743 0.259769
v 0.031303 0.325329 1.027897
v 0.018295 0.307333 1.033726
v 0.023983 0.312801 1.026869
v 0.025181 0.319240 0.972256
v 0.018644 0.313004 0.972266
v 0.033204 0.330931 1.026775
v 0.033920 0.341889 1.023025
v 0.039702 0.362835 0.982496
v 0.039900 0.348383 0.978850
v 0.019875 0.329270 0.840758
v 0.028122 0.338306 0.841067
v 0.028679 0.342104 0.781193
v 0.020035 0.331507 0.782562
v 0.053327 0.402839 0.835440
v 0.055834 0.435916 0.831996
v 0.063192 0.467226 0.742577
v 0.058270 0.424511 0.756350
v 0.063157 0.444072 0.599647
v 0.071598 0.501408 0.550633
v 0.074105 0.497013 0.467678
v 0.066832 0.437489 0.531186
v 0.019545 0.322786 0.696496
v 0.028677 0.335652 0.689451
v 0.029209 0.325310 0.648138
v 0.019058 0.312162 0.657555
v 0.066238 0.396413 0.424663
v 0.071901 0.452120 0.339486
v 0.068883 0.410209 0.285463
v 0.063865 0.360107 0.380287
v 0.017156 0.278890 0.594916
v 0.028038 0.291372 0.581972
v 0.026762 0.264999 0.554927
v 0.015663 0.253404 0.569385
v 0.037530 0.166499 0.271791
v 0.033939 0.167901 0.222077
v 0.057546 0.267076 0.309629
v 0.060638 0.295914 0.205003
v 0.054115 0.231374 0.175619
v 0.052509 0.212813 0.271784
v -0.036323 -0.198903 0.130671
v -0.040342 -0.164010 0.341313
v -0.042184 -0.348556 0.908338
v -0.048228 -0.381009 0.710453
v -0.052608 -0.356122 0.558330
v -0.026183 -0.157790 0.290155
v -0.047882 -0.271984 0.459895
v -0.030484 -0.330284 1.043411
v -0.041214 -0.412880 0.917405
v -0.057699 -0.520569 0.632292
v -0.060395 -0.515633 0.365537
v -0.051389 -0.382710 0.193165
v 0.023383 -0.345341 0.287487
v -0.010114 -0.233923 0.548079
v 0.016911 -0.459639 0.432419
v -0.014832 -0.302559 0.622249
v 0.008345 -0.471871 0.659444
v -0.017863 -0.333070 0.735730
v -0.017752 -0.325114 0.904679
v 0.000015 -0.390282 0.913616
v 0.025758 -0.189042 0.195387
v -0.016461 -0.314190 1.052591
v -0.070045 -0.358055 0.241251
v -0.065717 -0.317649 0.344160
v -0.029752 -0.240194 0.534548
v -0.018768 -0.230135 0.550414
v -0.032829 -0.177606 0.158719
v -0.029182 -0.166847 0.218996
v -0.078641 -0.480693 0.398843
v -0.072413 -0.421916 0.473875
v -0.033562 -0.311309 0.612512
v -0.022861 -0.298326 0.623825
v -0.072728 -0.490422 0.645761
v -0.065266 -0.439053 0.676313
v -0.033140 -0.341084 0.732031
v -0.024433 -0.329117 0.736098
v -0.031370 -0.329351 0.905475
v -0.023889 -0.321955 0.904188
v -0.051788 -0.397545 0.915049
v -0.051278 -0.374724 0.911980
v -0.038038 -0.331703 0.974758
v -0.038970 -0.331336 1.005561
v -0.033440 -0.319747 1.028212
v -0.047748 -0.375600 0.771755
v -0.045646 -0.364763 0.839185
v -0.051827 -0.370489 0.602483
v -0.049272 -0.379402 0.654471
v -0.049864 -0.303422 0.486589
v -0.051485 -0.333706 0.520449
v -0.050709 -0.178581 0.239746
v -0.048345 -0.175469 0.190504
v -0.052476 -0.189048 0.162172
v -0.033476 -0.158873 0.297709
v -0.041952 -0.187971 0.397330
v -0.045077 -0.232853 0.434074
v -0.030559 -0.316033 1.044003
v -0.023545 -0.311936 1.056056
v -0.034942 -0.331775 1.037268
v -0.035808 -0.373442 0.984958
v -0.032442 -0.346725 1.025363
v -0.053367 -0.491574 0.737469
v -0.047650 -0.455583 0.831577
v -0.061187 -0.532021 0.439075
v -0.060299 -0.535398 0.528207
v -0.055032 -0.439442 0.241392
v -0.058165 -0.484995 0.301139
v -0.014612 -0.145709 0.426359
v -0.022995 -0.149600 0.375140
v -0.027525 -0.151242 0.412456
v -0.040538 -0.245354 0.134630
v -0.046459 -0.314935 0.157714
v 0.017716 -0.197901 0.140885
v -0.007567 -0.205384 0.128311
v 0.027697 -0.228103 0.217189
v 0.026206 -0.288118 0.251368
v 0.009698 -0.159440 0.384609
v 0.013385 -0.163771 0.314953
v 0.019806 -0.175902 0.289983
v -0.011544 -0.257166 0.567285
v -0.013406 -0.282775 0.593069
v 0.020537 -0.392832 0.328076
v 0.018382 -0.432165 0.377649
v -0.016009 -0.316107 0.656296
v -0.017240 -0.326627 0.695632
v 0.014372 -0.475151 0.496142
v 0.010431 -0.480088 0.572642
v 0.006872 -0.452077 0.748672
v 0.003783 -0.424514 0.833464
v -0.017942 -0.334951 0.782644
v -0.017882 -0.332444 0.841119
v -0.003602 -0.358364 0.980803
v -0.007776 -0.338147 1.025355
v -0.005603 -0.340072 1.006224
v -0.017607 -0.315751 0.972021
v -0.017371 -0.310016 1.031251
v -0.002331 -0.364429 0.910187
v -0.010272 -0.339023 0.906703
v 0.001266 -0.413285 0.693867
v -0.009315 -0.359216 0.723613
v 0.010074 -0.393086 0.517190
v -0.003671 -0.331847 0.591214
v 0.021648 -0.179830 0.190504
v -0.007256 -0.157839 0.288517
v 0.008954 -0.161516 0.297709
v 0.016141 -0.299161 0.403433
v 0.001727 -0.255666 0.505154
v -0.013448 -0.317100 1.044003
v -0.011053 -0.333263 1.037268
v -0.020311 -0.331114 1.045518
v -0.023832 -0.418856 0.918395
v -0.007564 -0.408653 0.916305
v -0.027316 -0.529925 0.631162
v -0.000058 -0.512517 0.636703
v -0.026098 -0.526637 0.362509
v 0.005197 -0.506149 0.376541
v -0.008517 -0.202955 0.532729
v -0.005761 -0.164075 0.502785
v -0.017917 -0.391178 0.186965
v 0.012249 -0.377152 0.209810
v -0.013912 -0.322857 0.152062
v -0.010092 -0.252616 0.130369
v 0.017359 -0.242893 0.148393
v 0.015394 -0.311036 0.173899
v 0.005166 -0.154012 0.371009
v -0.007567 -0.148448 0.375446
v -0.009018 -0.149662 0.472272
v 0.001750 -0.157711 0.454301
v 0.006636 -0.476175 0.313975
v -0.024274 -0.495512 0.297249
v -0.021466 -0.448763 0.235917
v 0.008973 -0.432128 0.256561
v 0.001554 -0.525833 0.535814
v -0.027750 -0.546292 0.525692
v -0.027188 -0.543073 0.436178
v 0.003668 -0.522346 0.448648
v -0.004663 -0.450491 0.831359
v -0.025214 -0.462198 0.832399
v -0.026290 -0.499073 0.737780
v -0.001864 -0.485426 0.738835
v -0.011215 -0.346494 1.023072
v -0.021077 -0.349514 1.026441
v -0.022323 -0.378292 0.985826
v -0.009635 -0.370376 0.983877
v -0.019973 -0.318018 1.054050
v -0.012298 -0.322146 1.042890
v 0.003446 -0.220708 0.484509
v 0.018600 -0.254455 0.372454
v 0.020696 -0.205177 0.333745
v 0.006192 -0.178934 0.450971
v 0.019524 -0.175232 0.228886
v -0.002050 -0.310796 0.557774
v 0.011730 -0.369043 0.473779
v 0.013888 -0.335831 0.434788
v 0.000054 -0.282921 0.528036
v -0.008322 -0.355214 0.675738
v 0.002784 -0.414975 0.627791
v 0.007139 -0.407664 0.567764
v -0.005669 -0.345685 0.630208
v -0.009543 -0.350850 0.840431
v -0.000090 -0.386765 0.837432
v 0.001278 -0.403192 0.764312
v -0.009207 -0.357523 0.777572
v -0.013002 -0.316876 1.025978
v -0.009320 -0.326698 1.027897
v -0.005229 -0.342208 0.976777
v -0.011356 -0.325868 0.973172
v -0.008129 -0.332492 1.026775
v 0.016573 -0.169869 0.271791
v 0.012836 -0.170815 0.222077
v 0.015028 -0.180423 0.162470
v -0.006804 -0.181991 0.158167
v -0.007157 -0.168739 0.218548
v -0.014451 -0.160724 0.505687
v -0.016738 -0.199449 0.535401
v -0.027288 -0.208005 0.517507
v -0.025170 -0.168161 0.486417
v -0.024856 -0.324084 1.050135
v -0.033869 -0.326232 1.040342
v -0.030671 -0.154743 0.334394
v -0.035912 -0.163460 0.259769
v -0.035847 -0.325045 1.027897
v -0.022839 -0.307050 1.033726
v -0.028526 -0.312518 1.026869
v -0.029725 -0.318956 0.972256
v -0.023188 -0.312720 0.972266
v -0.037748 -0.330647 1.026775
v -0.038464 -0.341605 1.023025
v -0.044246 -0.362551 0.982496
v -0.044444 -0.348100 0.978850
v -0.024419 -0.328986 0.840758
v -0.032666 -0.338022 0.841068
v -0.033223 -0.341820 0.781193
v -0.024579 -0.331224 0.782562
v -0.057871 -0.402555 0.835440
v -0.060378 -0.435632 0.831996
v -0.067736 -0.466942 0.742577
v -0.062814 -0.424228 0.756350
v -0.067701 -0.443788 0.599648
v -0.076142 -0.501124 0.550633
v -0.078648 -0.496729 0.467678
v -0.071376 -0.437205 0.531186
v -0.024089 -0.322503 0.696496
v -0.033221 -0.335369 0.689451
v -0.033753 -0.325027 0.648138
v -0.023602 -0.311879 0.657556
v -0.070782 -0.396130 0.424663
v -0.076445 -0.451837 0.339486
v -0.073427 -0.409926 0.285463
v -0.068409 -0.359823 0.380288
v -0.021700 -0.278607 0.594916
v -0.032582 -0.291089 0.581972
v -0.031306 -0.264715 0.554927
v -0.020207 -0.253120 0.569385
v -0.042074 -0.166215 0.271791
v -0.038483 -0.167618 0.222077
v -0.062089 -0.266792 0.309629
v -0.065182 -0.295631 0.205003
v -0.058659 -0.231091 0.175620
v -0.057052 -0.212530 0.271784
v -0.201316 0.034192 0.130671
v -0.166423 0.038212 0.341313
v -0.350970 0.040054 0.908338
v -0.383423 0.046098 0.710453
v -0.358536 0.050478 0.558330
v -0.160204 0.024053 0.290155
v -0.274398 0.045752 0.459895
v -0.332698 0.028354 1.043411
v -0.415294 0.039084 0.917405
v -0.522983 0.055569 0.632292
v -0.518046 0.058265 0.365537
v -0.385123 0.049258 0.193165
v -0.347755 -0.025513 0.287487
v -0.236337 0.007984 0.548079
v -0.462053 -0.019041 0.432419
v -0.304973 0.012702 0.622249
v -0.474285 -0.010475 0.659444
v -0.335483 0.015733 0.735730
v -0.327527 0.015622 0.904679
v -0.392696 -0.002145 0.913616
v -0.191455 -0.027888 0.195387
v -0.316604 0.014331 1.052590
v -0.360468 0.067915 0.241251
v -0.320062 0.063587 0.344159
v -0.242608 0.027622 0.534548
v -0.232548 0.016638 0.550414
v -0.180019 0.030699 0.158719
v -0.169260 0.027051 0.218996
v -0.483106 0.076511 0.398843
v -0.424329 0.070283 0.473875
v -0.313723 0.031432 0.612512
v -0.300739 0.020730 0.623825
v -0.492836 0.070598 0.645761
v -0.441466 0.063135 0.676313
v -0.343497 0.031010 0.732031
v -0.331531 0.022302 0.736098
v -0.331765 0.029240 0.905475
v -0.324369 0.021759 0.904188
v -0.399959 0.049658 0.915049
v -0.377138 0.049148 0.911980
v -0.334117 0.035908 0.974758
v -0.333750 0.036840 1.005561
v -0.322161 0.031310 1.028212
v -0.378014 0.045618 0.771755
v -0.367177 0.043516 0.839185
v -0.372902 0.049696 0.602483
v -0.381815 0.047141 0.654470
v -0.305835 0.047734 0.486589
v -0.336120 0.049355 0.520449
v -0.180994 0.048578 0.239746
v -0.177883 0.046215 0.190504
v -0.191461 0.050345 0.162172
v -0.161286 0.031346 0.297709
v -0.190384 0.039821 0.397330
v -0.235267 0.042947 0.434074
v -0.318447 0.028429 1.044003
v -0.314350 0.021415 1.056056
v -0.334188 0.032812 1.037268
v -0.375856 0.033678 0.984958
v -0.349138 0.030312 1.025363
v -0.493988 0.051237 0.737469
v -0.457996 0.045520 0.831577
v -0.534434 0.059057 0.439075
v -0.537812 0.058168 0.528207
v -0.441855 0.052902 0.241392
v -0.487408 0.056035 0.301138
v -0.148122 0.012482 0.426359
v -0.152013 0.020865 0.375140
v -0.153656 0.025395 0.412456
v -0.247768 0.038408 0.134630
v -0.317348 0.044329 0.157714
v -0.200314 -0.019846 0.140885
v -0.207797 0.005437 0.128311
v -0.230516 -0.029827 0.217189
v -0.290531 -0.028336 0.251368
v -0.161853 -0.011828 0.384609
v -0.166184 -0.015515 0.314953
v -0.178316 -0.021936 0.289983
v -0.259580 0.009413 0.567285
v -0.285189 0.011276 0.593069
v -0.395246 -0.022667 0.328076
v -0.434578 -0.020513 0.377649
v -0.318521 0.013879 0.656296
v -0.329041 0.015110 0.695632
v -0.477565 -0.016502 0.496142
v -0.482501 -0.012561 0.572642
v -0.454490 -0.009002 0.748672
v -0.426928 -0.005914 0.833464
v -0.337365 0.015812 0.782644
v -0.334857 0.015752 0.841119
v -0.360778 0.001472 0.980803
v -0.340560 0.005646 1.025355
v -0.342486 0.003473 1.006224
v -0.318165 0.015477 0.972021
v -0.312430 0.015241 1.031251
v -0.366843 0.000200 0.910187
v -0.341437 0.008142 0.906702
v -0.415699 -0.003396 0.693867
v -0.361630 0.007185 0.723613
v -0.395499 -0.012204 0.517190
v -0.334261 0.001541 0.591214
v -0.182243 -0.023778 0.190504
v -0.160253 0.005126 0.288517
v -0.163930 -0.011084 0.297709
v -0.301574 -0.018271 0.403433
v -0.258080 -0.003857 0.505154
v -0.319513 0.011318 1.044003
v -0.335677 0.008923 1.037268
v -0.333528 0.018181 1.045518
v -0.421270 0.021702 0.918395
v -0.411067 0.005434 0.916305
v -0.532338 0.025186 0.631162
v -0.514931 -0.002072 0.636703
v -0.529051 0.023968 0.362509
v -0.508562 -0.007327 0.376541
v -0.205368 0.006387 0.532729
v -0.166489 0.003631 0.502785
v -0.393591 0.015787 0.186965
v -0.379566 -0.014379 0.209810
v -0.325271 0.011782 0.152062
v -0.255029 0.007962 0.130369
v -0.245307 -0.019489 0.148393
v -0.313449 -0.017524 0.173899
v -0.156425 -0.007296 0.371009
v -0.150862 0.005437 0.375446
v -0.152076 0.006888 0.472272
v -0.160125 -0.003880 0.454301
v -0.478589 -0.008766 0.313975
v -0.497926 0.022144 0.297249
v -0.451177 0.019336 0.235917
v -0.434542 -0.011104 0.256561
v -0.528247 -0.003684 0.535813
v -0.548705 0.025620 0.525692
v -0.545486 0.025058 0.436178
v -0.524760 -0.005798 0.448648
v -0.452904 0.002533 0.831359
v -0.464611 0.023084 0.832399
v -0.501487 0.024160 0.737780
v -0.487839 -0.000266 0.738835
v -0.348908 0.009085 1.023072
v -0.351928 0.018947 1.026441
v -0.380706 0.020193 0.985826
v -0.372790 0.007505 0.983877
v -0.320432 0.017843 1.054049
v -0.324559 0.010168 1.042890
v -0.223122 -0.005576 0.484509
v -0.256868 -0.020730 0.372454
v -0.207590 -0.022826 0.333745
v -0.181347 -0.008322 0.450971
v -0.177646 -0.021655 0.228886
v -0.313210 -0.000080 0.557774
v -0.371457 -0.013860 0.473779
v -0.338244 -0.016018 0.434788
v -0.285334 -0.002184 0.528036
v -0.357628 0.006192 0.675738
v -0.417389 -0.004914 0.627791
v -0.410077 -0.009269 0.567764
v -0.348099 0.003539 0.630208
v -0.353264 0.007413 0.840431
v -0.389178 -0.002041 0.837432
v -0.405606 -0.003408 0.764311
v -0.359936 0.007077 0.777572
v -0.319290 0.010872 1.025978
v -0.329112 0.007190 1.027897
v -0.344622 0.003099 0.976777
v -0.328282 0.009226 0.973172
v -0.334906 0.005999 1.026775
v -0.172283 -0.018704 0.271791
v -0.173229 -0.014966 0.222077
v -0.182837 -0.017158 0.162470
v -0.184405 0.004673 0.158167
v -0.171152 0.005027 0.218548
v -0.163138 0.012321 0.505686
v -0.201862 0.014608 0.535401
v -0.210418 0.025158 0.517507
v -0.170575 0.023040 0.486417
v -0.326498 0.022726 1.050135
v -0.328646 0.031739 1.040342
v -0.157157 0.028541 0.334394
v -0.165874 0.033781 0.259769
v -0.327459 0.033717 1.027897
v -0.309464 0.020709 1.033726
v -0.314931 0.026396 1.026869
v -0.321370 0.027595 0.972256
v -0.315134 0.021058 0.972266
v -0.333061 0.035618 1.026775
v -0.344019 0.036334 1.023025
v -0.364965 0.042116 0.982496
v -0.350514 0.042314 0.978850
v -0.331400 0.022289 0.840758
v -0.340436 0.030536 0.841067
v -0.344234 0.031093 0.781193
v -0.333637 0.022448 0.782562
v -0.404969 0.055741 0.835440
v -0.438046 0.058248 0.831996
v -0.469356 0.065605 0.742577
v -0.426641 0.060683 0.756350
v -0.446202 0.065571 0.599648
v -0.503538 0.074012 0.550633
v -0.499143 0.076518 0.467678
v -0.439619 0.069246 0.531186
v -0.324917 0.021959 0.696496
v -0.337783 0.031091 0.689451
v -0.327441 0.031623 0.648138
v -0.314292 0.021472 0.657555
v -0.398544 0.068652 0.424663
v -0.454250 0.074315 0.339486
v -0.412339 0.071297 0.285463
v -0.362237 0.066279 0.380287
v -0.281020 0.019570 0.594916
v -0.293502 0.030451 0.581972
v -0.267129 0.029176 0.554927
v -0.255534 0.018077 0.569385
v -0.168629 0.039944 0.271791
v -0.170031 0.036353 0.222077
v -0.269206 0.059959 0.309629
v -0.298044 0.063052 0.205003
v -0.233504 0.056529 0.175620
v -0.214943 0.054922 0.271784
vn -0.4053 -0.5880 0.6999
vn -0.0521 -0.9986 -0.0000
vn 0.5810 -0.6395 -0.5035
vn -0.2618 -0.5955 -0.7595
vn -0.1094 -0.6035 0.7898
vn 0.3419 -0.6270 -0.6999
vn -0.5345 -0.5813 -0.6135
vn 0.1984 -0.6195 0.7595
vn -0.7307 -0.5711 -0.3741
vn 0.4711 -0.6338 0.6135
vn -0.8205 -0.5664 -0.0778
vn 0.6673 -0.6440 0.3741
vn -0.7902 -0.5680 0.2304
vn 0.7571 -0.6487 0.0778
vn -0.6444 -0.5756 0.5035
vn 0.7268 -0.6471 -0.2304
vn 0.0460 -0.6116 -0.7898
vn 0.8550 0.0805 -0.5123
vn -0.4585 -0.3309 0.8248
vn -0.0912 0.0994 -0.9909
vn 0.7719 -0.0408 -0.6344
vn -0.2885 -0.3409 0.8947
vn -0.2869 0.0597 -0.9561
vn 0.6734 0.0845 -0.7345
vn -0.1086 -0.2909 0.9506
vn -0.4717 -0.0373 -0.8810
vn 0.4767 0.2276 -0.8491
vn 0.0810 -0.2817 0.9561
vn -0.6351 -0.0801 -0.7683
vn 0.2954 0.1991 -0.9344
vn 0.2746 -0.2093 0.9385
vn -0.7648 -0.1693 -0.6216
vn 0.1062 0.1813 -0.9777
vn 0.4586 -0.1774 0.8708
vn -0.8671 -0.1966 -0.4578
vn 0.6304 -0.0834 0.7718
vn -0.9232 -0.2664 -0.2768
vn 0.7731 -0.0370 0.6332
vn -0.9569 -0.2751 -0.0930
vn 0.8814 0.0610 0.4684
vn -0.9407 -0.3270 0.0900
vn 0.9531 0.0997 0.2859
vn -0.9080 -0.3205 0.2698
vn 0.9791 0.1798 0.0951
vn -0.8278 -0.3583 0.4317
vn 0.9758 0.1964 -0.0960
vn -0.7347 -0.3390 0.5877
vn 0.9309 0.2246 -0.2882
vn -0.6023 -0.3637 0.7106
vn 0.9548 0.0614 0.2909
vn -0.8767 0.0974 0.4711
vn 0.9930 0.0687 -0.0959
vn -0.6306 0.0857 0.7714
vn 0.8774 0.0619 -0.4757
vn -0.2882 0.0743 0.9547
vn 0.6412 0.0735 -0.7638
vn -0.4668 0.1169 -0.8766
vn 0.0985 0.0651 0.9930
vn 0.2923 0.1020 -0.9509
vn -0.7675 0.1182 -0.6300
vn 0.4706 0.0593 0.8803
vn -0.0946 0.1112 -0.9893
vn -0.9509 0.1149 -0.2872
vn 0.7714 0.0581 0.6338
vn -0.9892 0.1077 0.0994
vn 0.6671 0.3509 0.6572
vn 0.6390 0.3361 -0.6919
vn 0.8832 0.4647 0.0633
vn 0.4899 0.2577 0.8328
vn 0.7397 0.3891 -0.5490
vn 0.8789 0.4624 0.1167
vn 0.2798 0.1472 0.9487
vn 0.7919 0.4166 -0.4464
vn 0.8669 0.4561 0.2011
vn 0.1196 0.0629 0.9908
vn 0.8313 0.4374 -0.3431
vn 0.8446 0.4444 0.2986
vn 0.0373 0.0196 0.9991
vn 0.8630 0.4541 -0.2215
vn 0.0092 0.0050 0.9999
vn 0.8143 0.4284 0.3917
vn 0.8821 0.4641 -0.0802
vn 0.7674 0.4037 0.4980
vn 0.8848 0.4655 0.0203
vn 0.0057 0.0093 0.9999
vn 0.0391 0.9990 0.0203
vn 0.0294 0.7533 0.6570
vn 0.0279 0.7213 -0.6920
vn 0.0391 0.9972 0.0633
vn 0.0216 0.5533 0.8327
vn 0.0325 0.8353 -0.5489
vn 0.0389 0.9924 0.1167
vn 0.0123 0.3160 0.9487
vn 0.0350 0.8942 -0.4462
vn 0.0383 0.9788 0.2011
vn 0.0052 0.1351 0.9908
vn 0.0367 0.9386 -0.3430
vn 0.0373 0.9537 0.2985
vn 0.0016 0.0421 0.9991
vn 0.0382 0.9744 -0.2215
vn 0.0004 0.0104 0.9999
vn 0.0360 0.9194 0.3916
vn 0.0390 0.9960 -0.0802
vn 0.0339 0.8666 0.4979
vn -0.0051 0.0097 0.9999
vn -0.6375 0.4022 0.6571
vn -0.6101 0.3849 -0.6926
vn -0.8441 0.5325 0.0633
vn -0.4682 0.2954 0.8328
vn -0.7069 0.4459 -0.5491
vn -0.8400 0.5299 0.1167
vn -0.2674 0.1687 0.9487
vn -0.7569 0.4775 -0.4463
vn -0.8285 0.5227 0.2011
vn -0.1143 0.0721 0.9908
vn -0.7944 0.5012 -0.3430
vn -0.8072 0.5092 0.2986
vn -0.0356 0.0225 0.9991
vn -0.8247 0.5203 -0.2215
vn -0.0088 0.0056 0.9999
vn -0.7782 0.4910 0.3916
vn -0.8430 0.5319 -0.0802
vn -0.7334 0.4627 0.4980
vn -0.8456 0.5335 0.0203
vn -0.0109 0.0004 0.9999
vn -0.8832 -0.4647 0.0633
vn -0.4900 -0.2578 0.8328
vn -0.7396 -0.3892 -0.5491
vn -0.8789 -0.4625 0.1167
vn -0.2798 -0.1472 0.9487
vn -0.7920 -0.4167 -0.4463
vn -0.8669 -0.4561 0.2011
vn -0.1196 -0.0629 0.9908
vn -0.8313 -0.4374 -0.3430
vn -0.8446 -0.4444 0.2986
vn -0.0373 -0.0196 0.9991
vn -0.8630 -0.4541 -0.2215
vn -0.0092 -0.0049 0.9999
vn -0.8143 -0.4285 0.3916
vn -0.8821 -0.4641 -0.0802
vn -0.7674 -0.4038 0.4980
vn -0.8848 -0.4655 0.0203
vn -0.6671 -0.3510 0.6571
vn -0.6382 -0.3358 -0.6927
vn -0.0058 -0.0093 0.9999
vn -0.0328 -0.8352 -0.5490
vn -0.0390 -0.9924 0.1167
vn -0.0124 -0.3159 0.9487
vn -0.0351 -0.8942 -0.4463
vn -0.0384 -0.9788 0.2011
vn -0.0053 -0.1351 0.9908
vn -0.0368 -0.9386 -0.3430
vn -0.0374 -0.9537 0.2986
vn -0.0017 -0.0421 0.9991
vn -0.0383 -0.9744 -0.2215
vn -0.0004 -0.0104 0.9999
vn -0.0361 -0.9194 0.3916
vn -0.0391 -0.9960 -0.0802
vn -0.0340 -0.8665 0.4980
vn -0.0392 -0.9990 0.0203
vn -0.0296 -0.7533 0.6571
vn -0.0284 -0.7210 -0.6923
vn -0.0391 -0.9972 0.0633
vn -0.0217 -0.5532 0.8328
vn 0.0051 -0.0097 0.9999
vn 0.2674 -0.1688 0.9487
vn 0.7568 -0.4777 -0.4462
vn 0.8284 -0.5228 0.2011
vn 0.1143 -0.0722 0.9908
vn 0.7944 -0.5013 -0.3430
vn 0.8071 -0.5094 0.2985
vn 0.0356 -0.0225 0.9991
vn 0.8247 -0.5204 -0.2215
vn 0.0087 -0.0057 0.9999
vn 0.7781 -0.4911 0.3916
vn 0.8430 -0.5320 -0.0802
vn 0.7333 -0.4629 0.4979
vn 0.8455 -0.5336 0.0203
vn 0.6375 -0.4024 0.6570
vn 0.6104 -0.3858 -0.6918
vn 0.8440 -0.5326 0.0633
vn 0.4682 -0.2956 0.8327
vn 0.7068 -0.4463 -0.5488
vn 0.8399 -0.5300 0.1167
vn 0.0109 -0.0006 0.9999
vn -0.0333 0.7042 -0.7092
vn -0.2992 0.7179 -0.6286
vn -0.5140 0.7289 -0.4523
vn -0.6452 0.7355 -0.2069
vn -0.6725 0.7368 0.0700
vn -0.5919 0.7325 0.3364
vn -0.4155 0.7233 0.5515
vn -0.1704 0.7106 0.6826
vn 0.1062 0.6964 0.7098
vn 0.3720 0.6827 0.6289
vn 0.5867 0.6718 0.4523
vn 0.7175 0.6652 0.2070
vn 0.7446 0.6638 -0.0698
vn 0.6641 0.6680 -0.3359
vn 0.4880 0.6771 -0.5508
vn 0.2431 0.6899 -0.6818
vn 0.0521 0.9986 -0.0000
vn -0.0334 0.9608 -0.2751
vn -0.2269 0.5039 -0.8334
vn -0.1322 0.9660 -0.2222
vn -0.5262 0.5195 -0.6732
vn -0.2033 0.9697 -0.1355
vn -0.7414 0.5308 -0.4106
vn -0.2358 0.9714 -0.0282
vn -0.8400 0.5359 -0.0854
vn -0.2249 0.9708 0.0835
vn -0.8067 0.5342 0.2528
vn -0.1720 0.9681 0.1824
vn -0.6467 0.5258 0.5525
vn -0.0854 0.9635 0.2536
vn -0.3844 0.5121 0.7681
vn 0.0218 0.9579 0.2861
vn -0.0596 0.4952 0.8667
vn 0.1332 0.9521 0.2751
vn 0.2781 0.4776 0.8334
vn 0.2320 0.9470 0.2222
vn 0.5774 0.4620 0.6732
vn 0.3031 0.9433 0.1355
vn 0.7926 0.4507 0.4106
vn 0.3356 0.9416 0.0282
vn 0.8912 0.4456 0.0854
vn 0.3247 0.9421 -0.0835
vn 0.8579 0.4473 -0.2528
vn 0.2718 0.9449 -0.1824
vn 0.6979 0.4557 -0.5525
vn 0.1852 0.9494 -0.2536
vn 0.4356 0.4694 -0.7681
vn 0.0780 0.9550 -0.2861
vn 0.1109 0.4863 -0.8667
vn 0.0298 0.5483 -0.8358
vn -0.1467 0.4754 -0.8675
vn -0.3363 0.3791 -0.8621
vn -0.5263 0.2602 -0.8095
vn -0.6978 0.1252 -0.7053
vn -0.8312 -0.0137 -0.5557
vn -0.9153 -0.1424 -0.3768
vn -0.9498 -0.2508 -0.1871
vn -0.9423 -0.3347 -0.0008
vn -0.9022 -0.3943 0.1746
vn -0.8369 -0.4316 0.3366
vn -0.7506 -0.4484 0.4852
vn -0.6448 -0.4455 0.6211
vn -0.5187 -0.4225 0.7433
vn -0.3709 -0.3773 0.8486
vn -0.2004 -0.3078 0.9301
vn -0.0100 -0.2124 0.9771
vn 0.1910 -0.0935 0.9771
vn 0.3859 0.0408 0.9216
vn 0.5548 0.1774 0.8128
vn 0.6831 0.3032 0.6644
vn 0.7661 0.4096 0.4953
vn 0.8076 0.4939 0.3221
vn 0.8153 0.5578 0.1551
vn 0.7967 0.6044 -0.0008
vn 0.7578 0.6362 -0.1447
vn 0.7024 0.6539 -0.2812
vn 0.6726 0.5969 -0.4375
vn 0.5865 0.6003 -0.5437
vn 0.4475 0.6540 -0.6100
vn 0.3248 0.6353 -0.7006
vn 0.1872 0.6006 -0.7774
vn 0.0015 0.0003 -1.0000
vn -0.0055 -0.0012 -1.0000
vn -0.0042 -0.0037 -1.0000
vn -0.0017 -0.0054 -1.0000
vn 0.0013 -0.0055 -1.0000
vn 0.0038 -0.0041 -1.0000
vn 0.0054 -0.0017 -1.0000
vn 0.0055 0.0012 -1.0000
vn 0.0041 0.0038 -1.0000
vn 0.0017 0.0054 -1.0000
vn -0.0013 0.0055 -1.0000
vn -0.0038 0.0041 -1.0000
vn -0.0054 0.0016 -1.0000
vn -0.4073 -0.4324 -0.8044
vn -0.4988 -0.8660 0.0346
vn -0.4045 -0.9134 -0.0454
vn -0.3147 -0.9492 0.0046
vn -0.2265 -0.9693 0.0958
vn -0.9866 -0.1199 -0.1106
vn -0.1587 -0.9792 0.1261
vn 0.4453 -0.5365 0.7169
vn 0.7041 -0.5722 0.4206
vn 0.7699 -0.6136 0.1754
vn 0.6914 -0.6740 -0.2602
vn 0.3784 -0.6731 -0.6355
vn 0.0676 0.9976 -0.0178
vn -0.3089 0.7909 0.5283
vn 0.0907 0.9959 0.0059
vn -0.5148 0.8031 0.2999
vn 0.0769 0.9962 0.0406
vn -0.6147 0.7866 0.0588
vn -0.7002 0.7076 -0.0945
vn 0.1330 0.9846 0.1133
vn -0.2054 0.9757 -0.0759
vn -0.3317 0.7572 0.5627
vn 0.0394 -0.9872 -0.1545
vn -0.1074 -0.9928 0.0525
vn -0.2464 -0.9313 0.2682
vn -0.5278 -0.3188 0.7873
vn -0.8977 -0.1644 -0.4087
vn -0.9868 -0.0395 -0.1568
vn 0.1540 -0.9861 -0.0622
vn -0.1356 -0.9896 0.0470
vn -0.3707 -0.9124 0.1736
vn -0.8561 -0.2579 0.4478
vn 0.2072 -0.9743 0.0885
vn -0.1977 -0.9802 0.0123
vn -0.4692 -0.8826 0.0287
vn -0.9739 -0.2076 0.0922
vn -0.5947 -0.8008 -0.0718
vn -0.9806 -0.1541 -0.1212
vn 0.2496 -0.9424 0.2228
vn -0.1819 -0.9829 0.0281
vn -0.4426 -0.8956 -0.0451
vn -0.3632 -0.9317 0.0057
vn -0.4863 -0.8737 0.0131
vn -0.3471 -0.9376 -0.0207
vn -0.3728 -0.9273 -0.0330
vn -0.2408 -0.9666 0.0879
vn -0.2713 -0.9609 0.0544
vn -0.1759 -0.9770 0.1203
vn -0.2016 -0.9735 0.1083
vn -0.4510 -0.8925 -0.0050
vn -0.7424 -0.6554 -0.1389
vn -0.4315 -0.8404 -0.3278
vn -0.8929 -0.4469 -0.0553
vn -0.2337 -0.9665 0.1061
vn -0.1587 -0.9793 0.1254
vn -0.3697 -0.8704 0.3252
vn -0.5045 -0.2035 0.8391
vn 0.2616 -0.8487 0.4596
vn 0.6884 -0.5521 0.4704
vn 0.6695 -0.4826 0.5647
vn 0.7649 -0.5826 0.2748
vn 0.7398 -0.5699 0.3577
vn 0.7417 -0.6631 -0.1012
vn 0.7645 -0.6429 0.0467
vn 0.5066 -0.6813 -0.5285
vn 0.6088 -0.6810 -0.4070
vn -0.9926 -0.0899 0.0819
vn -0.9613 -0.2702 -0.0530
vn -0.6770 -0.7323 0.0727
vn 0.1071 -0.6015 -0.7917
vn 0.2502 -0.6537 -0.7142
vn -0.3646 0.6812 -0.6349
vn -0.3123 0.1953 -0.9297
vn 0.0040 0.9992 -0.0394
vn 0.0493 0.9985 -0.0254
vn -0.4658 0.8822 0.0692
vn -0.5948 0.8039 -0.0056
vn -0.2842 0.9583 0.0296
vn -0.3900 0.7863 0.4792
vn -0.4469 0.7972 0.4059
vn 0.0760 0.9970 -0.0138
vn 0.0793 0.9968 -0.0099
vn -0.5594 0.8014 0.2117
vn -0.5835 0.8003 0.1382
vn 0.0988 0.9945 0.0340
vn 0.0892 0.9950 0.0459
vn 0.0918 0.9941 0.0570
vn 0.1164 0.9891 0.0897
vn -0.6508 0.7592 -0.0080
vn -0.6780 0.7326 -0.0601
vn 0.1502 0.9792 0.1366
vn 0.2085 0.9415 0.2648
vn -0.1129 0.9922 0.0532
vn -0.7256 0.6822 -0.0904
vn -0.7550 0.6554 0.0191
vn -0.1931 0.9809 -0.0214
vn -0.3779 0.9239 -0.0594
vn -0.1502 0.9886 0.0029
vn -0.2476 0.9688 0.0129
vn -0.0671 0.9950 0.0742
vn -0.1515 0.9810 0.1215
vn -0.6459 0.7521 -0.1313
vn -0.9851 0.1232 -0.1200
vn -0.8798 0.4679 -0.0833
vn -0.0137 0.9955 0.0939
vn -0.0632 0.9837 0.1684
vn -0.3600 0.9219 0.1428
vn 0.3787 0.7652 0.5207
vn 0.6122 0.2090 0.7626
vn 0.8706 0.1110 0.4793
vn 0.5803 0.7461 0.3264
vn 0.9716 0.1205 0.2036
vn 0.5962 0.7914 0.1348
vn 0.9328 0.1594 -0.3232
vn 0.5217 0.8381 -0.1594
vn -0.3044 0.7658 0.5664
vn -0.5003 0.7551 0.4238
vn 0.5553 0.2088 -0.8050
vn 0.3103 0.8679 -0.3880
vn 0.3901 0.2189 -0.8944
vn 0.2100 0.2147 -0.9538
vn 0.1335 0.8413 -0.5238
vn 0.2294 0.8660 -0.4443
vn -0.8329 0.5528 -0.0268
vn -0.9757 0.2138 -0.0478
vn -0.9726 0.0873 0.2153
vn -0.5414 0.8331 0.1134
vn 0.4595 0.8515 -0.2527
vn 0.8416 0.1768 -0.5103
vn 0.7166 0.1936 -0.6701
vn 0.3918 0.8612 -0.3237
vn 0.5854 0.8091 0.0511
vn 0.9900 0.1328 0.0478
vn 0.9807 0.1455 -0.1302
vn 0.5627 0.8251 -0.0509
vn 0.5982 0.7519 0.2771
vn 0.9081 0.1079 0.4046
vn 0.9428 0.1101 0.3146
vn 0.6056 0.7680 0.2085
vn 0.5888 0.6705 0.4515
vn 0.7737 0.0981 0.6259
vn 0.8381 0.1071 0.5349
vn 0.5826 0.7236 0.3700
vn 0.3663 0.2841 0.8861
vn 0.0818 0.9014 0.4252
vn -0.0605 0.9837 0.1692
vn -0.0172 0.9955 0.0928
vn -0.0728 0.9943 0.0783
vn -0.1168 0.9834 0.1387
vn -0.6283 0.7774 -0.0311
vn -0.1177 0.9825 0.1444
vn -0.0488 0.9956 0.0797
vn -0.0266 0.9957 0.0890
vn -0.0879 0.9830 0.1609
vn -0.2014 0.9774 0.0637
vn -0.1104 0.9927 0.0484
vn -0.0785 0.9941 0.0750
vn -0.1722 0.9798 0.1019
vn -0.3341 0.9417 -0.0406
vn -0.1768 0.9841 -0.0170
vn -0.1685 0.9856 -0.0150
vn -0.2934 0.9558 -0.0187
vn -0.4553 0.8902 -0.0154
vn -0.2632 0.9631 0.0555
vn -0.2216 0.9750 -0.0184
vn -0.4230 0.9044 -0.0557
vn -0.0884 0.9840 0.1546
vn -0.6353 0.7716 -0.0311
vn -0.9223 0.3688 -0.1153
vn -0.7922 0.5001 -0.3498
vn -0.8954 0.0944 -0.4350
vn -0.9812 0.0994 -0.1653
vn -0.7795 -0.2329 0.5816
vn -0.5243 -0.2884 0.8012
vn -0.2424 -0.9295 0.2779
vn -0.4645 -0.8610 0.2072
vn 0.4012 -0.4135 0.8173
vn -0.0318 -0.8980 0.4388
vn -0.8828 -0.4671 -0.0504
vn -0.9287 -0.3600 -0.0889
vn -0.3457 -0.9343 0.0871
vn -0.9881 -0.1292 0.0836
vn -0.6577 -0.7531 -0.0171
vn -0.6304 -0.7732 -0.0695
vn -0.9847 -0.1338 -0.1119
vn -0.1500 -0.9763 0.1561
vn 0.2931 -0.8924 0.3431
vn 0.2655 -0.9285 0.2597
vn -0.1842 -0.9819 0.0439
vn -0.9819 -0.1732 -0.0765
vn -0.5577 -0.8287 -0.0470
vn -0.5169 -0.8559 -0.0137
vn -0.9818 -0.1897 -0.0044
vn -0.1861 -0.9823 0.0201
vn 0.2419 -0.9525 0.1853
vn 0.2257 -0.9651 0.1330
vn -0.1982 -0.9801 0.0071
vn -0.1682 -0.9847 0.0447
vn 0.2010 -0.9782 0.0515
vn 0.1852 -0.9827 -0.0019
vn -0.1416 -0.9882 0.0580
vn -0.9534 -0.2225 0.2037
vn -0.4271 -0.9002 0.0848
vn -0.4008 -0.9065 0.1325
vn -0.9219 -0.2363 0.3071
vn -0.1276 -0.9908 0.0447
vn 0.1124 -0.9880 -0.1062
vn 0.0778 -0.9882 -0.1320
vn -0.1135 -0.9923 0.0498
vn -0.7450 -0.2779 0.6064
vn -0.3253 -0.9196 0.2204
vn -0.2883 -0.9237 0.2524
vn -0.6523 -0.2890 0.7007
vn -0.7292 -0.6836 -0.0315
vn -0.9070 -0.4113 -0.0901
vn -0.1159 -0.9920 0.0500
vn -0.0009 -0.9842 -0.1773
vn -0.0545 -0.9756 -0.2126
vn -0.1640 -0.9857 0.0389
vn 0.4324 -0.4073 -0.8044
vn 0.8660 -0.4988 0.0346
vn 0.9134 -0.4045 -0.0454
vn 0.9492 -0.3147 0.0046
vn 0.9693 -0.2265 0.0958
vn 0.1199 -0.9866 -0.1106
vn 0.9792 -0.1587 0.1261
vn 0.5365 0.4453 0.7169
vn 0.5722 0.7041 0.4206
vn 0.6136 0.7699 0.1754
vn 0.6740 0.6914 -0.2602
vn 0.6731 0.3784 -0.6355
vn -0.9976 0.0676 -0.0178
vn -0.7909 -0.3089 0.5283
vn -0.9959 0.0907 0.0059
vn -0.8031 -0.5148 0.2999
vn -0.9962 0.0769 0.0406
vn -0.7866 -0.6147 0.0588
vn -0.7076 -0.7002 -0.0945
vn -0.9846 0.1330 0.1133
vn -0.9757 -0.2054 -0.0759
vn -0.7572 -0.3317 0.5627
vn 0.9872 0.0394 -0.1545
vn 0.9928 -0.1074 0.0525
vn 0.9313 -0.2464 0.2682
vn 0.3188 -0.5278 0.7873
vn 0.1644 -0.8977 -0.4087
vn 0.0395 -0.9868 -0.1568
vn 0.9861 0.1540 -0.0622
vn 0.9896 -0.1356 0.0470
vn 0.9124 -0.3707 0.1736
vn 0.2579 -0.8561 0.4478
vn 0.9743 0.2072 0.0885
vn 0.9802 -0.1977 0.0123
vn 0.8826 -0.4692 0.0287
vn 0.2076 -0.9739 0.0922
vn 0.8008 -0.5947 -0.0718
vn 0.1541 -0.9806 -0.1212
vn 0.9424 0.2496 0.2228
vn 0.9829 -0.1819 0.0281
vn 0.8956 -0.4426 -0.0451
vn 0.9317 -0.3632 0.0057
vn 0.8737 -0.4863 0.0131
vn 0.9376 -0.3471 -0.0207
vn 0.9273 -0.3728 -0.0330
vn 0.9666 -0.2408 0.0879
vn 0.9609 -0.2713 0.0544
vn 0.9770 -0.1759 0.1203
vn 0.9735 -0.2016 0.1083
vn 0.8925 -0.4510 -0.0050
vn 0.6554 -0.7424 -0.1389
vn 0.8404 -0.4315 -0.3278
vn 0.4469 -0.8929 -0.0553
vn 0.9665 -0.2337 0.1061
vn 0.9793 -0.1587 0.1254
vn 0.8704 -0.3697 0.3252
vn 0.2035 -0.5045 0.8391
vn 0.8487 0.2616 0.4596
vn 0.5521 0.6884 0.4704
vn 0.4826 0.6695 0.5647
vn 0.5826 0.7649 0.2748
vn 0.5699 0.7398 0.3577
vn 0.6631 0.7417 -0.1012
vn 0.6429 0.7645 0.0467
vn 0.6813 0.5066 -0.5285
vn 0.6810 0.6088 -0.4070
vn 0.0899 -0.9926 0.0819
vn 0.2702 -0.9613 -0.0530
vn 0.7323 -0.6770 0.0727
vn 0.6015 0.1071 -0.7917
vn 0.6537 0.2502 -0.7142
vn -0.6812 -0.3646 -0.6349
vn -0.1953 -0.3123 -0.9297
vn -0.9992 0.0040 -0.0394
vn -0.9985 0.0493 -0.0254
vn -0.8822 -0.4658 0.0692
vn -0.8039 -0.5948 -0.0056
vn -0.9583 -0.2842 0.0296
vn -0.7863 -0.3900 0.4792
vn -0.7972 -0.4469 0.4059
vn -0.9970 0.0760 -0.0138
vn -0.9968 0.0793 -0.0099
vn -0.8014 -0.5594 0.2117
vn -0.8003 -0.5835 0.1382
vn -0.9945 0.0988 0.0340
vn -0.9950 0.0892 0.0459
vn -0.9941 0.0918 0.0570
vn -0.9891 0.1164 0.0897
vn -0.7592 -0.6508 -0.0080
vn -0.7326 -0.6780 -0.0601
vn -0.9792 0.1502 0.1366
vn -0.9415 0.2085 0.2648
vn -0.9922 -0.1129 0.0532
vn -0.6822 -0.7256 -0.0904
vn -0.6554 -0.7550 0.0191
vn -0.9809 -0.1931 -0.0214
vn -0.9239 -0.3779 -0.0594
vn -0.9886 -0.1502 0.0029
vn -0.9688 -0.2476 0.0129
vn -0.9950 -0.0671 0.0742
vn -0.9810 -0.1515 0.1215
vn -0.7521 -0.6459 -0.1313
vn -0.1232 -0.9851 -0.1200
vn -0.4679 -0.8798 -0.0833
vn -0.9955 -0.0137 0.0939
vn -0.9837 -0.0632 0.1684
vn -0.9219 -0.3600 0.1428
vn -0.7652 0.3787 0.5207
vn -0.2090 0.6122 0.7626
vn -0.1110 0.8706 0.4793
vn -0.7461 0.5803 0.3264
vn -0.1205 0.9716 0.2036
vn -0.7914 0.5962 0.1348
vn -0.1594 0.9328 -0.3232
vn -0.8381 0.5217 -0.1594
vn -0.7658 -0.3044 0.5664
vn -0.7551 -0.5003 0.4238
vn -0.2088 0.5553 -0.8050
vn -0.8679 0.3103 -0.3880
vn -0.2189 0.3901 -0.8944
vn -0.2147 0.2100 -0.9538
vn -0.8413 0.1335 -0.5238
vn -0.8660 0.2294 -0.4443
vn -0.5528 -0.8329 -0.0268
vn -0.2138 -0.9757 -0.0478
vn -0.0873 -0.9726 0.2153
vn -0.8331 -0.5414 0.1134
vn -0.8515 0.4595 -0.2527
vn -0.1768 0.8416 -0.5103
vn -0.1936 0.7166 -0.6701
vn -0.8612 0.3918 -0.3237
vn -0.8091 0.5854 0.0511
vn -0.1328 0.9900 0.0478
vn -0.1455 0.9807 -0.1302
vn -0.8251 0.5627 -0.0509
vn -0.7519 0.5982 0.2771
vn -0.1079 0.9081 0.4046
vn -0.1101 0.9428 0.3146
vn -0.7680 0.6056 0.2085
vn -0.6705 0.5888 0.4515
vn -0.0981 0.7737 0.6259
vn -0.1071 0.8381 0.5349
vn -0.7236 0.5826 0.3700
vn -0.2841 0.3663 0.8861
vn -0.9014 0.0818 0.4252
vn -0.9837 -0.0605 0.1692
vn -0.9955 -0.0172 0.0928
vn -0.9943 -0.0728 0.0783
vn -0.9834 -0.1168 0.1387
vn -0.7774 -0.6283 -0.0311
vn -0.9825 -0.1177 0.1444
vn -0.9956 -0.0488 0.0797
vn -0.9957 -0.0266 0.0890
vn -0.9830 -0.0879 0.1609
vn -0.9774 -0.2014 0.0637
vn -0.9927 -0.1104 0.0484
vn -0.9941 -0.0785 0.0750
vn -0.9798 -0.1722 0.1019
vn -0.9417 -0.3341 -0.0406
vn -0.9841 -0.1768 -0.0170
vn -0.9856 -0.1685 -0.0150
vn -0.9558 -0.2934 -0.0187
vn -0.8902 -0.4553 -0.0154
vn -0.9631 -0.2632 0.0555
vn -0.9750 -0.2216 -0.0184
vn -0.9044 -0.4230 -0.0557
vn -0.9840 -0.0884 0.1546
vn -0.7716 -0.6353 -0.0311
vn -0.3688 -0.9223 -0.1153
vn -0.5001 -0.7922 -0.3498
vn -0.0944 -0.8954 -0.4350
vn -0.0994 -0.9812 -0.1653
vn 0.2329 -0.7795 0.5816
vn 0.2884 -0.5243 0.8012
vn 0.9295 -0.2424 0.2779
vn 0.8610 -0.4645 0.2072
vn 0.4136 0.4012 0.8173
vn 0.8980 -0.0318 0.4388
vn 0.4671 -0.8828 -0.0504
vn 0.3600 -0.9287 -0.0889
vn 0.9343 -0.3457 0.0871
vn 0.1292 -0.9881 0.0836
vn 0.7531 -0.6577 -0.0171
vn 0.7732 -0.6304 -0.0695
vn 0.1338 -0.9847 -0.1119
vn 0.9763 -0.1500 0.1561
vn 0.8924 0.2931 0.3431
vn 0.9285 0.2655 0.2597
vn 0.9819 -0.1842 0.0439
vn 0.1732 -0.9819 -0.0765
vn 0.8287 -0.5577 -0.0470
vn 0.8559 -0.5169 -0.0137
vn 0.1897 -0.9818 -0.0044
vn 0.9823 -0.1861 0.0201
vn 0.9525 0.2419 0.1853
vn 0.9651 0.2257 0.1330
vn 0.9801 -0.1982 0.0071
vn 0.9847 -0.1682 0.0447
vn 0.9782 0.2010 0.0515
vn 0.9827 0.1852 -0.0019
vn 0.9882 -0.1416 0.0580
vn 0.2225 -0.9534 0.2037
vn 0.9002 -0.4271 0.0848
vn 0.9065 -0.4008 0.1325
vn 0.2363 -0.9219 0.3071
vn 0.9908 -0.1276 0.0447
vn 0.9880 0.1124 -0.1062
vn 0.9882 0.0778 -0.1320
vn 0.9923 -0.1135 0.0498
vn 0.2779 -0.7450 0.6064
vn 0.9196 -0.3253 0.2204
vn 0.9237 -0.2883 0.2524
vn 0.2890 -0.6523 0.7007
vn 0.6836 -0.7292 -0.0315
vn 0.4113 -0.9070 -0.0901
vn 0.9920 -0.1159 0.0500
vn 0.9842 -0.0009 -0.1773
vn 0.9756 -0.0545 -0.2126
vn 0.9857 -0.1640 0.0389
vn -0.4324 0.4073 -0.8044
vn -0.8660 0.4988 0.0346
vn -0.9134 0.4045 -0.0454
vn -0.9492 0.3147 0.0046
vn -0.9693 0.2265 0.0958
vn -0.1199 0.9866 -0.1106
vn -0.9792 0.1587 0.1261
vn -0.5365 -0.4453 0.7169
vn -0.5722 -0.7041 0.4206
vn -0.6136 -0.7699 0.1754
vn -0.6740 -0.6914 -0.2602
vn -0.6731 -0.3784 -0.6355
vn 0.9976 -0.0676 -0.0178
vn 0.7909 0.3089 0.5283
vn 0.9959 -0.0907 0.0059
vn 0.8031 0.5148 0.2999
vn 0.9962 -0.0769 0.0406
vn 0.7866 0.6147 0.0588
vn 0.7076 0.7002 -0.0945
vn 0.9846 -0.1330 0.1133
vn 0.9757 0.2054 -0.0759
vn 0.7572 0.3317 0.5626
vn -0.9872 -0.0394 -0.1545
vn -0.9928 0.1074 0.0525
vn -0.9313 0.2464 0.2682
vn -0.3188 0.5278 0.7873
vn -0.1644 0.8977 -0.4087
vn -0.0395 0.9868 -0.1568
vn -0.9861 -0.1540 -0.0622
vn -0.9896 0.1356 0.0470
vn -0.9124 0.3707 0.1736
vn -0.2579 0.8561 0.4478
vn -0.9743 -0.2072 0.0885
vn -0.9802 0.1977 0.0123
vn -0.8826 0.4692 0.0287
vn -0.2076 0.9739 0.0922
vn -0.8008 0.5947 -0.0718
vn -0.1541 0.9806 -0.1212
vn -0.9424 -0.2496 0.2228
vn -0.9829 0.1819 0.0281
vn -0.8956 0.4426 -0.0451
vn -0.9317 0.3632 0.0057
vn -0.8737 0.4863 0.0131
vn -0.9376 0.3471 -0.0207
vn -0.9273 0.3728 -0.0330
vn -0.9666 0.2408 0.0879
vn -0.9609 0.2713 0.0544
vn -0.9770 0.1759 0.1203
vn -0.9735 0.2016 0.1083
vn -0.8925 0.4510 -0.0050
vn -0.6554 0.7424 -0.1389
vn -0.8404 0.4315 -0.3279
vn -0.4469 0.8929 -0.0553
vn -0.9665 0.2337 0.1061
vn -0.9793 0.1587 0.1254
vn -0.8704 0.3697 0.3252
vn -0.2035 0.5045 0.8391
vn -0.8487 -0.2616 0.4596
vn -0.5521 -0.6884 0.4704
vn -0.4826 -0.6695 0.5647
vn -0.5826 -0.7649 0.2748
vn -0.5699 -0.7398 0.3577
vn -0.6631 -0.7417 -0.1012
vn -0.6429 -0.7645 0.0467
vn -0.6813 -0.5066 -0.5285
vn -0.6810 -0.6088 -0.4070
vn -0.0899 0.9926 0.0819
vn -0.2702 0.9613 -0.0530
vn -0.7323 0.6770 0.0727
vn -0.6015 -0.1071 -0.7917
vn -0.6537 -0.2502 -0.7142
vn 0.6812 0.3646 -0.6349
vn 0.1953 0.3123 -0.9297
vn 0.9992 -0.0040 -0.0394
vn 0.9985 -0.0493 -0.0254
vn 0.8822 0.4658 0.0692
vn 0.8039 0.5948 -0.0056
vn 0.9583 0.2842 0.0296
vn 0.7863 0.3900 0.4792
vn 0.7972 0.4469 0.4059
vn 0.9970 -0.0760 -0.0138
vn 0.9968 -0.0793 -0.0099
vn 0.8014 0.5594 0.2117
vn 0.8003 0.5835 0.1382
vn 0.9945 -0.0988 0.0340
vn 0.9950 -0.0892 0.0459
vn 0.9941 -0.0918 0.0570
vn 0.9891 -0.1164 0.0897
vn 0.7592 0.6508 -0.0080
vn 0.7326 0.6780 -0.0601
vn 0.9792 -0.1502 0.1366
vn 0.9415 -0.2085 0.2648
vn 0.9922 0.1129 0.0532
vn 0.6822 0.7256 -0.0904
vn 0.6554 0.7550 0.0191
vn 0.9809 0.1931 -0.0214
vn 0.9239 0.3779 -0.0594
vn 0.9886 0.1502 0.0029
vn 0.9688 0.2476 0.0129
vn 0.9950 0.0671 0.0742
vn 0.9810 0.1515 0.1215
vn 0.7521 0.6459 -0.1313
vn 0.1232 0.9851 -0.1200
vn 0.4679 0.8798 -0.0833
vn 0.9955 0.0137 0.0939
vn 0.9837 0.0632 0.1684
vn 0.9219 0.3601 0.1428
vn 0.7652 -0.3787 0.5207
vn 0.2090 -0.6122 0.7626
vn 0.1110 -0.8706 0.4793
vn 0.7461 -0.5803 0.3264
vn 0.1205 -0.9716 0.2036
vn 0.7914 -0.5962 0.1348
vn 0.1594 -0.9328 -0.3232
vn 0.8381 -0.5217 -0.1594
vn 0.7658 0.3044 0.5664
vn 0.7551 0.5003 0.4238
vn 0.2088 -0.5553 -0.8050
vn 0.8679 -0.3103 -0.3880
vn 0.2189 -0.3901 -0.8944
vn 0.2147 -0.2100 -0.9538
vn 0.8413 -0.1335 -0.5238
vn 0.8660 -0.2294 -0.4443
vn 0.5528 0.8329 -0.0268
vn 0.2138 0.9757 -0.0478
vn 0.0873 0.9726 0.2153
vn 0.8331 0.5414 0.1134
vn 0.8515 -0.4595 -0.2527
vn 0.1768 -0.8416 -0.5103
vn 0.1936 -0.7166 -0.6701
vn 0.8612 -0.3918 -0.3237
vn 0.8091 -0.5854 0.0511
vn 0.1328 -0.9900 0.0478
vn 0.1455 -0.9807 -0.1302
vn 0.8251 -0.5627 -0.0509
vn 0.7519 -0.5982 0.2771
vn 0.1079 -0.9081 0.4046
vn 0.1101 -0.9428 0.3146
vn 0.7680 -0.6056 0.2085
vn 0.6705 -0.5888 0.4515
vn 0.0981 -0.7737 0.6259
vn 0.1071 -0.8381 0.5349
vn 0.7236 -0.5826 0.3700
vn 0.2841 -0.3662 0.8861
vn 0.9014 -0.0818 0.4252
vn 0.9837 0.0605 0.1692
vn 0.9955 0.0172 0.0928
vn 0.9943 0.0728 0.0783
vn 0.9834 0.1168 0.1387
vn 0.7774 0.6283 -0.0311
vn 0.9825 0.1177 0.1444
vn 0.9956 0.0488 0.0797
vn 0.9957 0.0266 0.0890
vn 0.9830 0.0879 0.1609
vn 0.9774 0.2014 0.0637
vn 0.9927 0.1104 0.0484
vn 0.9941 0.0785 0.0750
vn 0.9798 0.1722 0.1019
vn 0.9417 0.3341 -0.0406
vn 0.9841 0.1768 -0.0170
vn 0.9856 0.1685 -0.0150
vn 0.9558 0.2934 -0.0187
vn 0.8902 0.4553 -0.0154
vn 0.9631 0.2632 0.0555
vn 0.9750 0.2216 -0.0184
vn 0.9044 0.4230 -0.0557
vn 0.9840 0.0884 0.1546
vn 0.7716 0.6353 -0.0311
vn 0.3688 0.9223 -0.1153
vn 0.5001 0.7922 -0.3498
vn 0.0944 0.8954 -0.4350
vn 0.0994 0.9812 -0.1653
vn -0.2329 0.7795 0.5816
vn -0.2884 0.5243 0.8012
vn -0.9295 0.2424 0.2779
vn -0.8610 0.4645 0.2072
vn -0.4136 -0.4012 0.8173
vn -0.8980 0.0318 0.4388
vn -0.4671 0.8828 -0.0504
vn -0.3600 0.9287 -0.0889
vn -0.9343 0.3457 0.0871
vn -0.1292 0.9881 0.0836
vn -0.7531 0.6577 -0.0171
vn -0.7732 0.6304 -0.0695
vn -0.1338 0.9847 -0.1119
vn -0.9763 0.1500 0.1561
vn -0.8924 -0.2931 0.3431
vn -0.9285 -0.2655 0.2597
vn -0.9819 0.1842 0.0439
vn -0.1732 0.9819 -0.0765
vn -0.8287 0.5577 -0.0470
vn -0.8559 0.5169 -0.0137
vn -0.1896 0.9818 -0.0044
vn -0.9823 0.1861 0.0201
vn -0.9525 -0.2419 0.1853
vn -0.9651 -0.2257 0.1330
vn -0.9801 0.1982 0.0071
vn -0.9847 0.1682 0.0447
vn -0.9782 -0.2010 0.0515
vn -0.9827 -0.1852 -0.0019
vn -0.9882 0.1416 0.0580
vn -0.2225 0.9534 0.2037
vn -0.9002 0.4271 0.0848
vn -0.9065 0.4008 0.1325
vn -0.2363 0.9219 0.3071
vn -0.9908 0.1276 0.0447
vn -0.9880 -0.1124 -0.1062
vn -0.9882 -0.0778 -0.1320
vn -0.9923 0.1135 0.0498
vn -0.2779 0.7450 0.6064
vn -0.9196 0.3253 0.2204
vn -0.9237 0.2883 0.2524
vn -0.2890 0.6523 0.7007
vn -0.6836 0.7292 -0.0315
vn -0.4113 0.9070 -0.0901
vn -0.9920 0.1159 0.0500
vn -0.9842 0.0009 -0.1773
vn -0.9756 0.0545 -0.2126
vn -0.9857 0.1640 0.0389
vn 0.4073 0.4324 -0.8044
vn 0.4988 0.8660 0.0346
vn 0.4045 0.9134 -0.0454
vn 0.3147 0.9492 0.0046
vn 0.2265 0.9693 0.0958
vn 0.9866 0.1199 -0.1106
vn 0.1587 0.9792 0.1261
vn -0.4453 0.5365 0.7169
vn -0.7041 0.5722 0.4206
vn -0.7699 0.6136 0.1754
vn -0.6914 0.6740 -0.2602
vn -0.3784 0.6731 -0.6355
vn -0.0676 -0.9976 -0.0178
vn 0.3089 -0.7909 0.5283
vn -0.0907 -0.9959 0.0059
vn 0.5148 -0.8031 0.2999
vn -0.0769 -0.9962 0.0406
vn 0.6147 -0.7866 0.0588
vn 0.7002 -0.7076 -0.0945
vn -0.1330 -0.9846 0.1133
vn 0.2054 -0.9757 -0.0759
vn 0.3317 -0.7572 0.5627
vn -0.0394 0.9872 -0.1545
vn 0.1074 0.9928 0.0525
vn 0.2464 0.9313 0.2682
vn 0.5278 0.3188 0.7873
vn 0.8977 0.1644 -0.4087
vn 0.9868 0.0395 -0.1568
vn -0.1540 0.9861 -0.0622
vn 0.1356 0.9896 0.0470
vn 0.3707 0.9124 0.1736
vn 0.8561 0.2579 0.4478
vn -0.2072 0.9743 0.0885
vn 0.1977 0.9802 0.0123
vn 0.4692 0.8826 0.0287
vn 0.9739 0.2076 0.0922
vn 0.5947 0.8008 -0.0718
vn 0.9806 0.1541 -0.1212
vn -0.2496 0.9424 0.2228
vn 0.1819 0.9829 0.0281
vn 0.4426 0.8956 -0.0451
vn 0.3632 0.9317 0.0057
vn 0.4863 0.8737 0.0131
vn 0.3471 0.9376 -0.0207
vn 0.3728 0.9273 -0.0330
vn 0.2408 0.9666 0.0879
vn 0.2713 0.9609 0.0544
vn 0.1759 0.9770 0.1203
vn 0.2016 0.9735 0.1083
vn 0.4510 0.8925 -0.0050
vn 0.7424 0.6554 -0.1389
vn 0.4315 0.8404 -0.3279
vn 0.8929 0.4469 -0.0553
vn 0.2337 0.9665 0.1061
vn 0.1587 0.9793 0.1254
vn 0.3697 0.8704 0.3252
vn 0.5045 0.2035 0.8391
vn -0.2616 0.8487 0.4596
vn -0.6884 0.5521 0.4704
vn -0.6695 0.4826 0.5647
vn -0.7649 0.5826 0.2748
vn -0.7398 0.5699 0.3577
vn -0.7417 0.6631 -0.1012
vn -0.7645 0.6429 0.0467
vn -0.5066 0.6813 -0.5285
vn -0.6088 0.6810 -0.4070
vn 0.9926 0.0899 0.0819
vn 0.9613 0.2702 -0.0530
vn 0.6770 0.7323 0.0727
vn -0.1071 0.6015 -0.7917
vn -0.2502 0.6537 -0.7142
vn 0.3646 -0.6812 -0.6349
vn 0.3123 -0.1953 -0.9297
vn -0.0040 -0.9992 -0.0394
vn -0.0493 -0.9985 -0.0254
vn 0.4658 -0.8822 0.0692
vn 0.5948 -0.8039 -0.0056
vn 0.2842 -0.9583 0.0296
vn 0.3900 -0.7863 0.4792
vn 0.4469 -0.7972 0.4059
vn -0.0760 -0.9970 -0.0138
vn -0.0793 -0.9968 -0.0099
vn 0.5594 -0.8014 0.2117
vn 0.5835 -0.8003 0.1382
vn -0.0988 -0.9945 0.0340
vn -0.0892 -0.9950 0.0459
vn -0.0918 -0.9941 0.0570
vn -0.1164 -0.9891 0.0897
vn 0.6508 -0.7592 -0.0080
vn 0.6780 -0.7326 -0.0601
vn -0.1502 -0.9792 0.1366
vn -0.2085 -0.9415 0.2648
vn 0.1129 -0.9922 0.0532
vn 0.7256 -0.6822 -0.0904
vn 0.7550 -0.6554 0.0191
vn 0.1931 -0.9809 -0.0214
vn 0.3779 -0.9239 -0.0594
vn 0.1502 -0.9886 0.0029
vn 0.2476 -0.9688 0.0129
vn 0.0671 -0.9950 0.0742
vn 0.1515 -0.9810 0.1215
vn 0.6459 -0.7521 -0.1313
vn 0.9851 -0.1232 -0.1200
vn 0.8798 -0.4679 -0.0833
vn 0.0137 -0.9955 0.0939
vn 0.0632 -0.9837 0.1684
vn 0.3601 -0.9219 0.1428
vn -0.3787 -0.7652 0.5207
vn -0.6123 -0.2090 0.7626
vn -0.8706 -0.1110 0.4793
vn -0.5803 -0.7461 0.3264
vn -0.9716 -0.1205 0.2036
vn -0.5962 -0.7914 0.1348
vn -0.9328 -0.1594 -0.3232
vn -0.5217 -0.8381 -0.1594
vn 0.3044 -0.7658 0.5664
vn 0.5003 -0.7551 0.4238
vn -0.5553 -0.2088 -0.8050
vn -0.3103 -0.8679 -0.3880
vn -0.3901 -0.2189 -0.8944
vn -0.2100 -0.2147 -0.9538
vn -0.1335 -0.8413 -0.5238
vn -0.2294 -0.8660 -0.4443
vn 0.8329 -0.5528 -0.0268
vn 0.9757 -0.2138 -0.0478
vn 0.9726 -0.0873 0.2153
vn 0.5414 -0.8331 0.1134
vn -0.4595 -0.8515 -0.2527
vn -0.8416 -0.1768 -0.5103
vn -0.7166 -0.1936 -0.6701
vn -0.3918 -0.8612 -0.3237
vn -0.5854 -0.8091 0.0511
vn -0.9900 -0.1328 0.0478
vn -0.9807 -0.1455 -0.1302
vn -0.5627 -0.8251 -0.0509
vn -0.5982 -0.7519 0.2771
vn -0.9081 -0.1079 0.4046
vn -0.9428 -0.1101 0.3146
vn -0.6056 -0.7680 0.2085
vn -0.5888 -0.6705 0.4515
vn -0.7737 -0.0981 0.6259
vn -0.8381 -0.1071 0.5349
vn -0.5826 -0.7236 0.3700
vn -0.3662 -0.2841 0.8861
vn -0.0818 -0.9014 0.4252
vn 0.0605 -0.9837 0.1692
vn 0.0172 -0.9955 0.0928
vn 0.0728 -0.9943 0.0783
vn 0.1168 -0.9834 0.1387
vn 0.6283 -0.7774 -0.0311
vn 0.1177 -0.9825 0.1444
vn 0.0488 -0.9956 0.0797
vn 0.0266 -0.9957 0.0890
vn 0.0879 -0.9830 0.1609
vn 0.2014 -0.9774 0.0637
vn 0.1104 -0.9927 0.0484
vn 0.0785 -0.9941 0.0750
vn 0.1722 -0.9798 0.1019
vn 0.3341 -0.9417 -0.0406
vn 0.1768 -0.9841 -0.0170
vn 0.1685 -0.9856 -0.0150
vn 0.2934 -0.9558 -0.0187
vn 0.4553 -0.8902 -0.0154
vn 0.2632 -0.9631 0.0555
vn 0.2216 -0.9750 -0.0184
vn 0.4230 -0.9044 -0.0557
vn 0.0884 -0.9840 0.1546
vn 0.6353 -0.7716 -0.0311
vn 0.9223 -0.3688 -0.1153
vn 0.7922 -0.5001 -0.3498
vn 0.8954 -0.0944 -0.4350
vn 0.9812 -0.0994 -0.1653
vn 0.7795 0.2329 0.5816
vn 0.5243 0.2884 0.8012
vn 0.2424 0.9295 0.2779
vn 0.4645 0.8610 0.2072
vn -0.4012 0.4135 0.8173
vn 0.0318 0.8980 0.4388
vn 0.8828 0.4671 -0.0504
vn 0.9287 0.3600 -0.0889
vn 0.3457 0.9343 0.0871
vn 0.9881 0.1292 0.0836
vn 0.6577 0.7531 -0.0171
vn 0.6304 0.7732 -0.0695
vn 0.9847 0.1338 -0.1119
vn 0.1500 0.9763 0.1561
vn -0.2931 0.8924 0.3431
vn -0.2655 0.9285 0.2597
vn 0.1842 0.9819 0.0439
vn 0.9819 0.1732 -0.0765
vn 0.5577 0.8287 -0.0470
vn 0.5169 0.8559 -0.0137
vn 0.9818 0.1897 -0.0044
vn 0.1861 0.9823 0.0201
vn -0.2419 0.9525 0.1853
vn -0.2257 0.9651 0.1330
vn 0.1982 0.9801 0.0071
vn 0.1682 0.9847 0.0447
vn -0.2010 0.9782 0.0515
vn -0.1852 0.9827 -0.0019
vn 0.1416 0.9882 0.0580
vn 0.9534 0.2225 0.2037
vn 0.4271 0.9002 0.0848
vn 0.4008 0.9065 0.1325
vn 0.9219 0.2363 0.3071
vn 0.1276 0.9908 0.0447
vn -0.1124 0.9880 -0.1062
vn -0.0778 0.9882 -0.1320
vn 0.1135 0.9923 0.0498
vn 0.7450 0.2779 0.6064
vn 0.3253 0.9196 0.2204
vn 0.2883 0.9237 0.2524
vn 0.6523 0.2890 0.7007
vn 0.7292 0.6836 -0.0315
vn 0.9070 0.4113 -0.0901
vn 0.1159 0.9920 0.0500
vn 0.0009 0.9842 -0.1773
vn 0.0545 0.9756 -0.2126
vn 0.1640 0.9857 0.0389
vt 0.000000 0.000000
vt 1.691365 -1.523791
vt 1.752202 -1.452937
vt 1.797683 -1.458692
vt 1.687387 -1.551993
vt 1.209870 -0.422981
vt 1.298017 -0.676811
vt 1.325144 -0.675572
vt 1.238772 -0.420288
vt -1.177250 1.516740
vt -1.156845 1.636105
vt -1.238573 1.852262
vt -1.048326 1.333212
vt 0.974763 -0.058682
vt 1.105574 -0.223910
vt 1.135630 -0.219062
vt 1.005240 -0.051544
vt 1.730067 -1.255517
vt 1.631094 -1.386792
vt 1.576800 -1.253247
vt 0.404790 0.340302
vt 0.629950 0.233424
vt 0.659422 0.243671
vt 0.433051 0.351651
vt -1.223532 1.996631
vt -1.266659 2.118835
vt -1.063683 0.946995
vt -1.137899 1.169373
vt -1.120135 1.172635
vt 1.642998 -1.587099
vt 1.594978 -1.609888
vt 1.547862 -1.623950
vt 2.226388 -0.538855
vt 2.391800 -0.519442
vt 2.176636 -0.930353
vt 2.044963 -0.933649
vt 1.407395 -1.795560
vt 1.504097 -1.488689
vt 1.495820 -1.712823
vt 2.282622 0.739460
vt 2.529902 0.867065
vt 2.592377 0.402998
vt 2.363893 0.317886
vt 1.464676 1.607654
vt 1.671512 1.802975
vt 2.057609 1.552653
vt 1.825974 1.377506
vt 0.303455 1.463523
vt 0.465970 1.946101
vt 0.999551 1.802685
vt 0.737596 1.346132
vt 1.970742 0.138085
vt 2.336580 -0.122820
vt 1.988850 -0.221933
vt 1.126152 2.464612
vt 1.178180 2.453730
vt 1.224211 2.436442
vt 1.690067 -1.383545
vt 1.663690 -1.479271
vt 1.709925 -1.467954
vt 0.965587 2.330939
vt 1.044476 2.391238
vt 1.000806 2.410179
vt -1.072605 1.562761
vt -1.128191 1.443955
vt -1.217386 1.554053
vt -1.204555 1.548007
vt -1.156422 2.228123
vt -1.101098 2.290843
vt -1.249218 2.140141
vt 0.348606 -0.775154
vt -0.072620 -1.061270
vt -0.410906 -0.624418
vt 0.073789 -0.419157
vt 0.727438 0.294906
vt 0.495011 0.408393
vt 0.761134 0.714800
vt 1.026262 0.571576
vt -0.035739 0.566636
vt -0.347832 0.610636
vt -0.276981 0.995437
vt 0.111753 0.919845
vt 1.206567 -0.194821
vt 1.078278 -0.015857
vt 1.404230 0.176853
vt 1.521162 -0.063921
vt 1.749849 -1.190351
vt 1.674506 -1.412350
vt 1.658384 -1.404208
vt -0.735983 1.112980
vt -0.752119 0.708411
vt 1.841039 -0.941371
vt 1.862070 -1.258024
vt -1.206314 1.685230
vt 1.605995 -1.558257
vt 2.454398 -0.093417
vt 2.584039 -0.074915
vt 2.655021 0.414744
vt 2.499529 0.373218
vt -0.916727 0.836207
vt -0.767785 0.632733
vt -0.741180 0.869856
vt 2.234949 1.195599
vt 2.408362 1.270359
vt 2.128933 1.573902
vt 1.960240 1.492580
vt -0.394659 0.524759
vt -0.373630 0.539071
vt -0.786786 0.617597
vt 1.800646 -1.256873
vt 1.653927 -1.254209
vt 1.951308 -0.937087
vt 2.097974 -0.559094
vt 1.779935 -0.610724
vt 1.721961 -0.945873
vt -1.191277 1.826479
vt 0.585787 1.083595
vt 0.947191 0.945551
vt 1.313358 1.419051
vt 0.879298 1.597249
vt 0.306752 0.632359
vt 0.208468 1.185421
vt 0.027093 0.706214
vt 1.583722 1.735629
vt 1.737238 1.827525
vt 1.216733 2.049745
vt 1.094159 1.943408
vt 0.529005 2.094959
vt 0.390704 1.729046
vt 1.164139 2.019417
vt 0.580824 2.175716
vt 0.624726 2.208403
vt -0.034672 2.296396
vt -0.112669 2.189387
vt -0.099597 0.488123
vt 0.215508 0.501091
vt 0.135670 0.427253
vt -1.104726 1.192951
vt -0.947487 0.751678
vt -0.315277 0.763307
vt -0.075729 0.501209
vt 1.692990 -1.560927
vt -1.034931 1.138840
vt -0.686198 2.325483
vt -0.752036 2.237001
vt 1.648391 -1.542243
vt 1.616146 -1.489379
vt -0.145225 2.045281
vt -0.075351 2.266526
vt 0.162200 0.439559
vt 2.427567 0.821829
vt 2.602158 0.886091
vt 1.653797 1.207433
vt 1.907598 0.946153
vt 2.336219 1.249616
vt 0.810310 0.099993
vt 0.840556 0.108894
vt 2.323992 -0.525637
vt 2.438578 -0.518202
vt 2.184452 0.237004
vt 2.178574 -0.167120
vt 2.533044 -0.078909
vt 1.557178 -1.607294
vt 1.786455 -0.279375
vt -1.034417 1.012968
vt -1.136811 1.983735
vt 1.564901 -1.567642
vt 1.569465 -1.495750
vt 1.616146 -1.489380
vt 1.992926 -1.259221
vt 1.913800 -1.258790
vt 1.779974 -1.450209
vt 1.817733 -1.461445
vt 1.508827 -1.253276
vt 1.499415 -0.953689
vt 2.119740 -0.931405
vt 2.220908 -0.930142
vt 1.956537 -1.259149
vt 1.463786 -1.531878
vt 1.481986 -1.518759
vt -0.237981 1.278221
vt -0.738191 1.400285
vt 0.604711 0.529442
vt 1.529382 -1.489891
vt -1.252307 1.866765
vt -1.255986 1.864348
vt -0.758684 1.925195
vt -0.174034 1.832560
vt 1.451506 0.998536
vt 2.092414 1.094445
vt 1.689588 0.764588
vt 1.458536 0.574704
vt 1.043302 0.248340
vt 1.211615 0.060275
vt 1.635343 0.321981
vt 0.850057 0.404208
vt -1.146736 1.354079
vt 1.236946 0.779933
vt 1.743721 0.034658
vt 1.335416 -0.143107
vt 1.420473 -0.378104
vt 1.479036 -0.656159
vt 1.422311 -1.257232
vt 1.379048 -0.957290
vt 2.094051 0.619958
vt 1.354062 -0.957716
vt 1.399485 -1.260760
vt 1.129490 2.347392
vt 1.176593 2.401895
vt 1.184209 2.307252
vt -0.724851 2.302122
vt 0.734278 0.843184
vt 0.729988 1.053881
vt 0.703117 1.068192
vt 0.705687 0.855926
vt -1.137416 2.276325
vt -0.762975 2.112723
vt -1.155909 2.131916
vt -1.104182 1.786594
vt 1.341796 -2.017145
vt 1.384644 -1.686207
vt 1.500752 -1.625186
vt 1.417096 -1.864599
vt 1.498663 -1.754236
vt 1.348359 -2.037300
vt 1.587366 -0.334125
vt 1.616937 -0.635920
vt 1.381434 -0.669376
vt 1.303936 -0.406825
vt -0.203547 1.565972
vt 1.501611 -1.496864
vt -0.746991 1.679549
vt -1.272175 2.135216
vt 0.434913 0.833364
vt 0.947026 0.180767
vt 0.832306 0.402035
vt 0.802637 0.411693
vt 0.917654 0.188816
vt 0.856318 2.253150
vt 1.014523 2.297869
vt 0.977022 2.158672
vt 1.135913 1.187650
vt -0.663460 -0.187846
vt -0.946302 -0.218361
vt -1.102478 0.214469
vt -0.812081 0.213920
vt 1.232134 0.393720
vt 0.912436 0.153398
vt -0.177997 1.288657
vt -0.599857 1.383156
vt -0.311637 1.717667
vt 0.025258 1.586363
vt 1.871337 0.474246
vt 0.767280 1.275503
vt 0.850544 1.530976
vt 0.828188 1.546391
vt 0.742631 1.290834
vt 1.602381 -0.950181
vt 1.944464 -0.584289
vt 1.505228 -1.766811
vt 1.457098 -1.254612
vt 1.424638 -0.956059
vt -0.790021 0.998231
vt -1.064135 1.046106
vt -0.833308 1.453512
vt 1.242527 -2.123042
vt 1.202989 -2.246454
vt 0.027678 1.982415
vt -0.115811 2.066966
vt 0.304018 2.264164
vt 0.410889 2.187176
vt 1.049351 2.443431
vt 0.958053 2.423780
vt 0.925306 2.455863
vt 1.069571 2.463489
vt 1.049106 -2.266850
vt 0.967118 -2.283355
vt 1.176215 -2.252879
vt 0.717483 0.412008
vt 0.833995 0.181083
vt 0.436763 0.097935
vt 0.312185 0.372318
vt 1.161062 -0.265866
vt 1.383042 -0.489614
vt 1.093946 -0.753271
vt 0.830023 -0.458022
vt 0.631958 1.091775
vt 0.625934 0.871662
vt 0.249793 0.915248
vt 0.302235 1.177726
vt 1.388474 -1.124422
vt 1.645941 -0.811936
vt 0.577985 2.070028
vt 0.752692 2.334960
vt 1.138187 2.419266
vt -0.423258 1.765483
vt -0.537705 1.829132
vt -0.890306 1.482033
vt -0.741347 1.421094
vt 1.699783 -1.013254
vt 1.704176 -0.761130
vt 1.539613 -0.933914
vt -1.027845 0.606089
vt -1.211171 0.651393
vt -1.172137 0.240668
vt -0.988601 0.203444
vt 1.472264 -0.449525
vt 1.446861 -0.448210
vt 1.728462 -0.760564
vt 0.800920 2.296904
vt 0.916173 2.206071
vt 0.487565 2.133288
vt 0.142198 1.920893
vt 0.426735 1.769720
vt 0.675553 2.001616
vt 1.319715 -1.968012
vt 0.353443 -0.301833
vt 0.149049 0.026635
vt -0.428898 -0.129114
vt -0.190911 -0.533496
vt 0.848528 -0.111135
vt 0.592413 -0.611077
vt 1.026622 -0.339051
vt -0.835657 -0.217800
vt -1.013497 -0.198175
vt -0.733273 -0.689888
vt -0.571347 -0.679302
vt -0.212831 -1.141723
vt 0.118568 -0.933891
vt -0.673044 -0.697531
vt -0.302934 -1.174715
vt -0.357665 -1.174205
vt 0.114346 -1.642985
vt 0.241172 -1.604911
vt 1.259396 -0.241941
vt 1.000573 -0.061748
vt 1.108809 -0.051208
vt 1.633826 -1.411072
vt 1.775392 -0.964524
vt 1.264802 -0.591534
vt 1.232473 -0.237932
vt 1.070509 2.473993
vt 1.610952 -1.325773
vt 0.615703 -2.060086
vt 0.721642 -2.029417
vt 1.094736 2.432145
vt 1.088456 2.370543
vt 0.354233 -1.509814
vt 0.164807 -1.643790
vt 1.080237 -0.044969
vt -0.955273 1.020262
vt -1.133191 1.074640
vt -0.572109 0.245281
vt -0.616285 0.606848
vt -1.141168 0.624295
vt 0.769325 0.617365
vt 0.739853 0.628562
vt -0.058055 2.030901
vt -0.153820 2.094262
vt -0.408027 1.339083
vt -0.159000 1.657416
vt -0.494672 1.801479
vt 1.206720 2.428808
vt 0.221198 1.509742
vt 1.686649 -1.225204
vt 1.181250 -2.060336
vt 0.649188 2.415033
vt 0.711952 2.366848
vt 0.934283 2.438398
vt 0.911001 2.470178
vt 1.031181 2.117597
vt 0.857538 1.873283
vt 0.349972 2.230602
vt 0.268627 2.290765
vt 0.678128 2.392974
vt 1.235508 2.312272
vt 1.213079 2.312827
vt 0.891902 -0.954929
vt 1.216519 -1.354596
vt 0.673428 0.150994
vt 1.157874 2.318490
vt 1.343967 -2.037001
vt 0.915464 -1.785081
vt 0.505798 -1.357799
vt -0.284678 0.289358
vt -0.853154 0.600477
vt -0.332859 0.619650
vt -0.034015 0.631193
vt 0.494051 0.640079
vt 0.473699 0.891641
vt -0.022039 0.939390
vt 0.553729 0.399088
vt 1.569865 -1.564813
vt 0.018395 0.333746
vt 0.065361 1.233774
vt 0.498061 1.128491
vt 0.572400 1.367095
vt 0.693874 1.623977
vt 1.102483 2.068438
vt 0.955588 1.803374
vt -0.567569 0.979399
vt 0.975748 1.788606
vt 1.122797 2.057446
vt 0.660615 -2.064849
vt 1.004823 -2.293751
vt 0.805497 -1.937043
vt 1.106867 -2.189910
vt 1.274458 -1.883584
vt 0.412877 1.432974
vt 0.571798 1.691235
vt 0.779606 1.575491
vt 0.682587 1.319510
vt 0.690493 -1.163306
vt 1.054677 -1.582353
vt 1.197478 -2.262837
vt 0.624913 -0.193746
vt -0.147650 -0.052091
vt 0.255744 0.638457
vt 0.655691 0.636576
vt -0.302074 0.960800
vt 0.773404 1.932745
vt 0.279704 1.848144
vt 1.073191 2.087383
vt 0.918531 1.829958
s 1
usemtl Red_Metal
f 280/1/279 185/1/185 269/1/268
f 270/1/269 85/1/85 271/1/270
f 273/1/272 120/1/120 274/1/273
f 272/1/271 105/1/105 273/1/272
f 71/1/71 68/1/68 89/1/89 92/1/92
f 148/1/148 151/1/151 133/1/133 130/1/130
f 171/1/171 168/1/168 74/1/74 77/1/77
f 143/1/143 127/1/127 109/1/109 106/1/106
f 76/1/76 73/1/73 94/1/94 97/1/97
f 130/1/130 133/1/133 115/1/115 112/1/112
f 131/1/131 134/1/134 116/1/116 113/1/113
f 133/1/133 136/1/136 118/1/118 115/1/115
f 113/1/113 116/1/116 97/1/97 94/1/94
f 99/1/99 85/1/85 78/1/78
f 151/1/151 154/1/154 136/1/136 133/1/133
f 137/1/137 140/1/140 122/1/122 119/1/119
f 139/1/139 141/1/141 123/1/123 121/1/121
f 115/1/115 118/1/118 99/1/99 96/1/96
f 178/1/178 176/1/176 82/1/82 84/1/84
f 116/1/116 119/1/119 100/1/100 97/1/97
f 269/1/268 80/1/80 270/1/269
f 141/1/141 143/1/143 106/1/106 123/1/123
f 140/1/140 142/1/142 124/1/124 122/1/122
f 123/1/123 106/1/106 87/1/87 104/1/104
f 142/1/142 126/1/126 108/1/108 124/1/124
f 179/1/179 177/1/177 83/1/83 66/1/66
f 105/1/105 272/1/271 101/1/101
f 101/1/101 271/1/270 85/1/85
f 79/1/79 76/1/76 97/1/97 100/1/100
f 181/1/181 178/1/178 84/1/84 68/1/68
f 136/1/136 125/1/125 118/1/118
f 70/1/70 73/1/73 167/1/167 183/1/183
f 155/1/155 158/1/158 140/1/140 137/1/137
f 122/1/122 124/1/124 86/1/86 103/1/103
f 82/1/82 79/1/79 100/1/100 103/1/103
f 109/1/109 112/1/112 93/1/93 90/1/90
f 85/1/85 270/1/269 80/1/80
f 166/1/166 182/1/182 69/1/69 72/1/72
f 68/1/68 84/1/84 86/1/86 89/1/89
f 80/1/80 78/1/78 85/1/85
f 170/1/170 173/1/173 155/1/155 152/1/152
f 112/1/112 115/1/115 96/1/96 93/1/93
f 124/1/124 108/1/108 89/1/89 86/1/86
f 84/1/84 82/1/82 103/1/103 86/1/86
f 173/1/173 79/1/79 82/1/82 176/1/176
f 175/1/175 171/1/171 77/1/77 81/1/81
f 152/1/152 155/1/155 137/1/137 134/1/134
f 126/1/126 129/1/129 111/1/111 108/1/108
f 106/1/106 109/1/109 90/1/90 87/1/87
f 118/1/118 105/1/105 99/1/99
f 101/1/101 85/1/85 99/1/99
f 120/1/120 273/1/272 105/1/105
f 275/1/274 138/1/138 276/1/275
f 163/1/163 147/1/147 129/1/129 126/1/126
f 157/1/157 159/1/159 141/1/141 139/1/139
f 271/1/270 101/1/101 272/1/271
f 132/1/132 135/1/135 117/1/117 114/1/114
f 158/1/158 160/1/160 142/1/142 140/1/140
f 164/1/164 148/1/148 130/1/130 127/1/127
f 121/1/121 123/1/123 104/1/104 102/1/102
f 101/1/101 99/1/99 105/1/105
f 274/1/273 125/1/125 275/1/274
f 149/1/149 152/1/152 134/1/134 131/1/131
f 154/1/154 145/1/145 136/1/136
f 150/1/150 153/1/153 135/1/135 132/1/132
f 120/1/120 118/1/118 125/1/125
f 159/1/159 161/1/161 143/1/143 141/1/141
f 125/1/125 274/1/273 120/1/120
f 161/1/161 164/1/164 127/1/127 143/1/143
f 138/1/138 125/1/125 136/1/136
f 127/1/127 130/1/130 112/1/112 109/1/109
f 120/1/120 105/1/105 118/1/118
f 176/1/176 178/1/178 160/1/160 158/1/158
f 168/1/168 171/1/171 153/1/153 150/1/150
f 175/1/175 177/1/177 159/1/159 157/1/157
f 182/1/182 166/1/166 148/1/148 164/1/164
f 160/1/160 163/1/163 126/1/126 142/1/142
f 173/1/173 176/1/176 158/1/158 155/1/155
f 138/1/138 136/1/136 145/1/145
f 177/1/177 179/1/179 161/1/161 159/1/159
f 178/1/178 181/1/181 163/1/163 160/1/160
f 145/1/145 276/1/275 138/1/138
f 181/1/181 184/1/184 147/1/147 163/1/163
f 166/1/166 169/1/169 151/1/151 148/1/148
f 277/1/276 156/1/156 278/1/277
f 172/1/172 165/1/165 154/1/154
f 156/1/156 145/1/145 154/1/154
f 169/1/169 172/1/172 154/1/154 151/1/151
f 179/1/179 182/1/182 164/1/164 161/1/161
f 138/1/138 275/1/274 125/1/125
f 156/1/156 154/1/154 165/1/165
f 165/1/165 278/1/277 156/1/156
f 167/1/167 170/1/170 152/1/152 149/1/149
f 174/1/174 165/1/165 172/1/172
f 278/1/277 165/1/165 279/1/278
f 174/1/174 279/1/278 165/1/165
f 156/1/156 277/1/276 145/1/145
f 185/1/185 280/1/279 174/1/174
f 276/1/275 145/1/145 277/1/276
f 78/1/78 185/1/185 172/1/172
f 78/1/78 80/1/80 185/1/185
f 279/1/278 174/1/174 280/1/279
f 174/1/174 172/1/172 185/1/185
f 72/1/72 69/1/69 90/1/90 93/1/93
f 173/1/173 170/1/170 76/1/76 79/1/79
f 75/1/75 72/1/72 93/1/93 96/1/96
f 78/1/78 75/1/75 96/1/96 99/1/99
f 119/1/119 122/1/122 103/1/103 100/1/100
f 269/1/268 185/1/185 80/1/80
f 66/1/66 83/1/83 104/1/104 87/1/87
f 184/1/184 181/1/181 68/1/68 71/1/71
f 69/1/69 66/1/66 87/1/87 90/1/90
f 77/1/77 74/1/74 95/1/95 98/1/98
f 108/1/108 111/1/111 92/1/92 89/1/89
f 83/1/83 81/1/81 102/1/102 104/1/104
f 170/1/170 167/1/167 73/1/73 76/1/76
f 71/1/71 74/1/74 168/1/168 184/1/184
f 172/1/172 169/1/169 75/1/75 78/1/78
f 114/1/114 117/1/117 98/1/98 95/1/95
f 182/1/182 179/1/179 66/1/66 69/1/69
f 134/1/134 137/1/137 119/1/119 116/1/116
f 169/1/169 166/1/166 72/1/72 75/1/75
usemtl Glass
f 64/1/64 38/1/38 40/1/40
f 51/1/51 45/1/45 47/1/47
f 53/1/53 49/1/49 19/1/19
f 62/1/62 20/1/20 23/1/23
f 57/1/57 26/1/26 29/1/29
f 61/1/61 34/1/34 36/1/36
f 50/1/50 42/1/42 44/1/44
f 52/1/52 46/1/46 48/1/48
f 54/1/54 18/1/18 21/1/21
f 55/1/55 22/1/22 25/1/25
f 58/1/58 28/1/28 31/1/31
f 63/1/63 37/1/37 39/1/39
f 238/1/237 239/1/238 26/1/26
f 237/1/236 238/1/237 23/1/23
f 236/1/235 237/1/236 20/1/20
f 263/1/262 21/1/21 18/1/18
f 251/1/250 25/1/25 22/1/22
f 238/1/237 26/1/26 23/1/23
f 265/1/264 27/1/27 24/1/24
f 252/1/251 28/1/28 25/1/25
f 239/1/238 29/1/29 26/1/26
f 266/1/265 30/1/30 27/1/27
f 253/1/252 31/1/31 28/1/28
f 240/1/239 32/1/32 29/1/29
f 267/1/266 33/1/33 30/1/30
f 254/1/253 34/1/34 31/1/31
f 241/1/240 35/1/35 32/1/32
f 237/1/236 23/1/23 20/1/20
f 255/1/254 36/1/36 34/1/34
f 264/1/263 24/1/24 21/1/21
f 242/1/241 37/1/37 35/1/35
f 256/1/255 38/1/38 36/1/36
f 243/1/242 39/1/39 37/1/37
f 257/1/256 40/1/40 38/1/38
f 244/1/243 41/1/41 39/1/39
f 258/1/257 42/1/42 40/1/40
f 245/1/244 43/1/43 41/1/41
f 259/1/258 44/1/44 42/1/42
f 246/1/245 45/1/45 43/1/43
f 260/1/259 46/1/46 44/1/44
f 247/1/246 47/1/47 45/1/45
f 261/1/260 48/1/48 46/1/46
f 248/1/247 49/1/49 47/1/47
f 48/1/48 262/1/261 18/1/18
f 49/1/49 249/1/248 19/1/19
f 250/1/249 22/1/22 19/1/19
f 186/1/186 201/1/201 59/1/59 62/1/62
f 54/1/54 56/1/56 200/1/200 199/1/199
f 21/1/21 24/1/24 56/1/56
f 23/1/23 26/1/26 57/1/57
f 64/1/64 40/1/40 50/1/50
f 55/1/55 58/1/58 194/1/194 193/1/193
f 56/1/56 59/1/59 201/1/201 200/1/200
f 27/1/27 30/1/30 59/1/59
f 29/1/29 32/1/32 60/1/60
f 50/1/50 44/1/44 52/1/52
f 58/1/58 61/1/61 195/1/195 194/1/194
f 35/1/35 37/1/37 63/1/63
f 52/1/52 48/1/48 54/1/54
f 61/1/61 64/1/64 196/1/196 195/1/195
f 36/1/36 38/1/38 64/1/64
f 39/1/39 41/1/41 65/1/65
f 53/1/53 19/1/19 55/1/55
f 63/1/63 65/1/65 190/1/190 189/1/189
f 54/1/54 21/1/21 56/1/56
f 64/1/64 50/1/50 197/1/197 196/1/196
f 40/1/40 42/1/42 50/1/50
f 59/1/59 30/1/30 33/1/33
f 55/1/55 25/1/25 58/1/58
f 65/1/65 51/1/51 191/1/191 190/1/190
f 56/1/56 27/1/27 59/1/59
f 50/1/50 52/1/52 198/1/198 197/1/197
f 44/1/44 46/1/46 52/1/52
f 60/1/60 63/1/63 189/1/189 188/1/188
f 47/1/47 49/1/49 53/1/53
f 58/1/58 31/1/31 61/1/61
f 51/1/51 53/1/53 192/1/192 191/1/191
f 19/1/19 22/1/22 55/1/55
f 61/1/61 36/1/36 64/1/64
f 53/1/53 55/1/55 193/1/193 192/1/192
f 60/1/60 35/1/35 63/1/63
f 62/1/62 23/1/23 57/1/57
f 63/1/63 39/1/39 65/1/65
f 51/1/51 47/1/47 53/1/53
f 57/1/57 60/1/60 188/1/188 187/1/187
f 57/1/57 29/1/29 60/1/60
f 31/1/31 34/1/34 61/1/61
f 194/1/194 195/1/195 202/1/202
f 195/1/195 196/1/196 202/1/202
f 196/1/196 197/1/197 202/1/202
f 197/1/197 198/1/198 202/1/202
f 48/1/48 18/1/18 54/1/54
f 198/1/198 199/1/199 202/1/202
f 199/1/199 200/1/200 202/1/202
f 200/1/200 201/1/201 202/1/202
f 189/1/189 190/1/190 202/1/202
f 190/1/190 191/1/191 202/1/202
f 187/1/187 188/1/188 202/1/202
f 33/1/33 20/1/20 62/1/62
f 52/1/52 54/1/54 199/1/199 198/1/198
f 192/1/192 193/1/193 202/1/202
f 202/1/202 201/1/201 186/1/186
f 193/1/193 194/1/194 202/1/202
f 59/1/59 33/1/33 62/1/62
f 186/1/186 187/1/187 202/1/202
f 188/1/188 189/1/189 202/1/202
f 65/1/65 43/1/43 51/1/51
f 56/1/56 24/1/24 27/1/27
f 62/1/62 57/1/57 187/1/187 186/1/186
f 65/1/65 41/1/41 43/1/43
f 43/1/43 45/1/45 51/1/51
f 191/1/191 192/1/192 202/1/202
f 60/1/60 32/1/32 35/1/35
f 33/1/33 236/1/235 20/1/20
f 245/1/244 246/1/245 43/1/43
f 253/1/252 254/1/253 31/1/31
f 241/1/240 242/1/241 35/1/35
f 254/1/253 255/1/254 34/1/34
f 244/1/243 245/1/244 41/1/41
f 256/1/255 257/1/256 38/1/38
f 243/1/242 244/1/243 39/1/39
f 264/1/263 265/1/264 24/1/24
f 263/1/262 264/1/263 21/1/21
f 246/1/245 247/1/246 45/1/45
f 240/1/239 241/1/240 32/1/32
f 25/1/25 28/1/28 58/1/58
f 248/1/247 249/1/248 49/1/49
f 251/1/250 252/1/251 25/1/25
f 247/1/246 248/1/247 47/1/47
f 266/1/265 267/1/266 30/1/30
f 261/1/260 262/1/261 48/1/48
f 258/1/257 259/1/258 42/1/42
f 249/1/248 250/1/249 19/1/19
f 257/1/256 258/1/257 40/1/40
f 260/1/259 261/1/260 46/1/46
f 267/1/266 236/1/235 33/1/33
f 250/1/249 251/1/250 22/1/22
f 242/1/241 243/1/242 37/1/37
f 262/1/261 263/1/262 18/1/18
f 259/1/258 260/1/259 44/1/44
f 239/1/238 240/1/239 29/1/29
f 265/1/264 266/1/265 27/1/27
f 252/1/251 253/1/252 28/1/28
f 255/1/254 256/1/255 36/1/36
usemtl Red_Metal
f 234/1/234 232/1/232 6/1/6 17/1/17
f 232/1/232 230/1/230 3/1/3 6/1/6
f 230/1/230 228/1/228 16/1/16 3/1/3
f 228/1/228 226/1/226 14/1/14 16/1/16
f 226/1/226 224/1/224 12/1/12 14/1/14
f 224/1/224 222/1/222 10/1/10 12/1/12
f 222/1/222 220/1/220 8/1/8 10/1/10
f 220/1/220 218/1/218 5/1/5 8/1/8
f 338/2/337 467/3/466 340/4/339 288/5/287
f 216/1/216 214/1/214 15/1/15 1/1/1
f 214/1/214 212/1/212 13/1/13 15/1/15
f 212/1/212 210/1/210 11/1/11 13/1/13
f 210/1/210 208/1/208 9/1/9 11/1/11
f 208/1/208 206/1/206 7/1/7 9/1/9
f 473/6/472 470/7/469 370/8/369 369/9/368
f 384/10/383 448/11/447 449/12/448
f 494/11/493 282/13/281 333/10/332
f 482/14/481 316/15/315 298/16/297 364/17/363
f 469/18/468 322/19/321 321/20/320
f 490/21/489 312/22/311 296/23/295 360/24/359
f 449/12/448 382/25/381 450/26/449
f 347/27/346 405/28/404 348/29/347
f 895/30/894 862/31/861 775/32/774
f 457/30/456 424/31/423 337/32/336
f 208/1/208 207/1/207 205/1/205 206/1/206
f 206/1/206 205/1/205 203/1/203 204/1/204
f 475/33/474 342/34/341 289/35/288 319/36/318
f 713/37/712 501/38/500 552/39/551
f 70/1/70 67/1/67 88/1/88 91/1/91
f 88/1/88 268/1/267 107/1/107
f 177/1/177 175/1/175 81/1/81 83/1/83
f 91/1/91 94/1/94 73/1/73 70/1/70
f 92/1/92 95/1/95 74/1/74 71/1/71
f 183/1/183 167/1/167 149/1/149 146/1/146
f 135/1/135 139/1/139 121/1/121 117/1/117
f 128/1/128 131/1/131 113/1/113 110/1/110
f 81/1/81 77/1/77 98/1/98 102/1/102
f 144/1/144 128/1/128 110/1/110 107/1/107
f 67/1/67 268/1/267 88/1/88
f 146/1/146 149/1/149 131/1/131 128/1/128
f 110/1/110 113/1/113 94/1/94 91/1/91
f 171/1/171 175/1/175 157/1/157 153/1/153
f 129/1/129 132/1/132 114/1/114 111/1/111
f 162/1/162 146/1/146 128/1/128 144/1/144
f 153/1/153 157/1/157 139/1/139 135/1/135
f 117/1/117 121/1/121 102/1/102 98/1/98
f 180/1/180 183/1/183 146/1/146 162/1/162
f 147/1/147 150/1/150 132/1/132 129/1/129
f 235/1/202 233/1/233 203/1/203
f 107/1/107 268/1/267 144/1/144
f 184/1/184 168/1/168 150/1/150 147/1/147
f 479/40/478 344/41/343 290/42/289 313/43/312
f 180/1/180 268/1/267 67/1/67
f 144/1/144 268/1/267 162/1/162
f 17/1/17 2/1/2 4/1/4
f 162/1/162 268/1/267 180/1/180
f 203/1/203 233/1/233 234/1/234 204/1/204
f 487/44/486 346/45/345 291/46/290 309/47/308
f 304/48/303 303/49/302 488/50/487 489/51/488
f 235/1/202 205/1/205 207/1/207
f 235/1/202 203/1/203 205/1/205
f 218/1/218 217/1/217 215/1/215 216/1/216
f 180/1/180 67/1/67 70/1/70 183/1/183
f 216/1/216 215/1/215 213/1/213 214/1/214
f 220/1/220 219/1/219 217/1/217 218/1/218
f 210/1/210 209/1/209 207/1/207 208/1/208
f 214/1/214 213/1/213 211/1/211 212/1/212
f 2/1/2 9/1/9 7/1/7
f 2/1/2 11/1/11 9/1/9
f 222/1/222 221/1/221 219/1/219 220/1/220
f 314/52/313 313/43/312 476/53/475 477/54/476
f 2/1/2 13/1/13 11/1/11
f 224/1/224 223/1/223 221/1/221 222/1/222
f 235/1/202 207/1/207 209/1/209
f 2/1/2 15/1/15 13/1/13
f 226/1/226 225/1/225 223/1/223 224/1/224
f 235/1/202 215/1/215 217/1/217
f 2/1/2 1/1/1 15/1/15
f 228/1/228 227/1/227 225/1/225 226/1/226
f 235/1/202 221/1/221 223/1/223
f 2/1/2 8/1/8 5/1/5
f 230/1/230 229/1/229 227/1/227 228/1/228
f 1/1/1 2/1/2 5/1/5
f 232/1/232 231/1/231 229/1/229 230/1/230
f 235/1/202 219/1/219 221/1/221
f 2/1/2 10/1/10 8/1/8
f 234/1/234 233/1/233 231/1/231 232/1/232
f 235/1/202 209/1/209 211/1/211
f 2/1/2 12/1/12 10/1/10
f 235/1/202 211/1/211 213/1/213
f 676/55/675 643/56/642 556/57/555
f 235/1/202 217/1/217 219/1/219
f 2/1/2 14/1/14 12/1/12
f 235/1/202 213/1/213 215/1/215
f 373/58/372 447/59/446 372/60/371
f 2/1/2 16/1/16 14/1/14
f 592/61/591 666/62/665 591/63/590
f 235/1/202 229/1/229 231/1/231
f 2/1/2 3/1/3 16/1/16
f 235/1/202 231/1/231 233/1/233
f 2/1/2 6/1/6 3/1/3
f 358/64/357 448/11/447 357/65/356
f 348/29/347 405/28/404 383/66/382 286/67/285
f 811/58/810 885/59/884 810/60/809
f 2/1/2 17/1/17 6/1/6
f 235/1/202 223/1/223 225/1/225
f 235/1/202 225/1/225 227/1/227
f 235/1/202 227/1/227 229/1/229
f 450/26/449 352/68/351 353/69/352 451/70/450
f 523/71/522 522/72/521 707/73/706 708/74/707
f 311/75/310 491/76/490 329/77/328 285/78/284
f 305/79/304 455/80/454 335/81/334 287/82/286
f 315/83/314 483/84/482 327/85/326 284/86/283
f 566/87/565 624/88/623 567/89/566
f 334/90/333 335/81/334 455/80/454 456/91/455
f 320/92/319 319/36/318 468/93/467 469/18/468
f 333/10/332 460/94/459 494/11/493
f 388/2/387 447/59/446 425/95/424
f 419/96/418 418/97/417 392/98/391 393/99/392
f 407/100/406 397/101/396 429/102/428
f 415/103/414 414/104/413 394/105/393 395/106/394
f 454/107/453 396/108/395 397/101/396 453/109/452
f 373/58/372 371/110/370 445/111/444
f 357/65/356 448/11/447 384/10/383
f 300/112/299 368/113/367 440/114/439 376/115/375
f 448/11/447 430/116/429 449/12/448
f 433/117/432 432/118/431 362/119/361 361/120/360
f 434/121/433 433/117/432 385/122/384 386/123/385
f 408/124/407 409/125/408 410/126/409 411/127/410
f 399/128/398 293/129/292 361/120/360 411/127/410
f 345/130/344 292/131/291 398/132/397 410/126/409
f 399/128/398 398/132/397 400/133/399 403/134/402
f 306/135/305 305/79/304 492/136/491 493/137/492
f 404/138/403 405/28/404 406/139/405 407/100/406
f 386/123/385 426/140/425 396/108/395 294/141/293
f 397/101/396 396/108/395 426/140/425 429/102/428
f 411/127/410 410/126/409 398/132/397 399/128/398
f 457/30/456 389/142/388 424/31/423
f 358/64/357 357/65/356 356/143/355
f 400/133/399 401/144/400 402/145/401 403/134/402
f 458/146/457 288/5/287 457/30/456
f 447/59/446 444/147/443 425/95/424
f 497/148/496 351/149/350 292/131/291 303/49/302
f 493/137/492 490/21/489 360/24/359 359/150/358
f 397/101/396 406/139/405 453/109/452
f 412/151/411 413/152/412 414/104/413 415/103/414
f 395/106/394 295/153/294 365/154/364 415/103/414
f 343/155/342 291/46/290 394/105/393 414/104/413
f 395/106/394 394/105/393 409/125/408 408/124/407
f 406/139/405 397/101/396 407/100/406
f 407/100/406 356/143/355 404/138/403
f 347/27/346 406/139/405 405/28/404
f 485/156/484 482/14/481 364/17/363 363/157/362
f 416/158/415 417/159/416 418/97/417 419/96/418
f 393/99/392 297/160/296 367/161/366 419/96/418
f 341/162/340 290/42/289 392/98/391 418/97/417
f 393/99/392 392/98/391 413/152/412 412/151/411
f 337/32/336 424/31/423 302/163/301
f 441/164/440 440/114/439 368/113/367 367/161/366
f 372/60/371 447/59/446 388/2/387
f 347/27/346 348/29/347 349/165/348
f 382/25/381 430/116/429 301/166/300
f 336/167/335 323/168/322 461/169/460
f 422/170/421 423/171/422 420/172/419 421/173/420
f 446/174/445 445/111/444 376/115/375 377/175/376
f 391/176/390 300/112/299 371/110/370 423/171/422
f 289/35/288 390/177/389 422/170/421 339/178/338
f 391/176/390 390/177/389 417/159/416 416/158/415
f 389/142/388 457/30/456 288/5/287
f 388/2/387 389/142/388 421/173/420 420/172/419
f 462/179/461 337/32/336 302/163/301 375/180/374
f 425/95/424 424/31/423 389/142/388 388/2/387
f 426/140/425 427/181/426 428/182/427 429/102/428
f 341/162/340 342/34/341 475/33/474 476/53/475
f 433/117/432 434/121/433 431/183/430 432/118/431
f 434/121/433 386/123/385 294/141/293 359/150/358
f 302/163/301 424/31/423 425/95/424
f 386/123/385 385/122/384 427/181/426 426/140/425
f 443/184/442 387/167/386 444/147/443
f 383/66/382 384/10/383 449/12/448 452/185/451
f 286/67/285 383/66/382 452/185/451 308/186/307
f 373/58/372 445/111/444 444/147/443
f 402/145/401 352/68/351 301/166/300 354/187/353
f 425/95/424 387/167/386 302/163/301
f 358/64/357 428/182/427 354/187/353 301/166/300
f 356/143/355 407/100/406 429/102/428
f 404/138/403 384/10/383 383/66/382 405/28/404
f 293/129/292 355/188/354 427/181/426 385/122/384
f 310/189/309 309/47/308 480/190/479 481/191/480
f 437/192/436 438/193/437 435/194/434 436/195/435
f 438/193/437 381/196/380 296/23/295 363/157/362
f 286/67/285 459/197/458 348/29/347
f 381/196/380 380/198/379 432/118/431 431/183/430
f 438/193/437 437/192/436 380/198/379 381/196/380
f 295/153/294 362/119/361 432/118/431 380/198/379
f 441/164/440 378/199/377 379/200/378 442/201/441
f 439/202/438 440/114/439 441/164/440 442/201/441
f 379/200/378 298/16/297 369/9/368 442/201/441
f 379/200/378 378/199/377 436/195/435 435/194/434
f 445/111/444 446/174/445 443/184/442 444/147/443
f 374/203/373 446/174/445 377/175/376 299/204/298
f 377/175/376 376/115/375 440/114/439 439/202/438
f 437/192/436 436/195/435 366/205/365 365/154/364
f 371/110/370 373/58/372 372/60/371
f 294/141/293 396/108/395 454/107/453 306/135/305
f 387/167/386 443/184/442 375/180/374 302/163/301
f 345/130/344 346/45/345 487/44/486 488/50/487
f 374/203/373 375/180/374 443/184/442 446/174/445
f 318/206/317 465/207/464 374/203/373 299/204/298
f 338/2/337 288/5/287 458/146/457
f 371/110/370 372/60/371 420/172/419 423/171/422
f 376/115/375 445/111/444 371/110/370 300/112/299
f 387/167/386 425/95/424 444/147/443
f 368/113/367 300/112/299 391/176/390 416/158/415
f 447/59/446 373/58/372 444/147/443
f 439/202/438 370/8/369 299/204/298 377/175/376
f 369/9/368 370/8/369 439/202/438 442/201/441
f 316/15/315 473/6/472 369/9/368 298/16/297
f 435/194/434 364/17/363 298/16/297 379/200/378
f 378/199/377 441/164/440 367/161/366 297/160/296
f 366/205/365 297/160/296 393/99/392 412/151/411
f 367/161/366 368/113/367 416/158/415 419/96/418
f 365/154/364 366/205/365 412/151/411 415/103/414
f 380/198/379 437/192/436 365/154/364 295/153/294
f 363/157/362 364/17/363 435/194/434 438/193/437
f 312/22/311 485/156/484 363/157/362 296/23/295
f 431/183/430 360/24/359 296/23/295 381/196/380
f 362/119/361 295/153/294 395/106/394 408/124/407
f 361/120/360 362/119/361 408/124/407 411/127/410
f 385/122/384 433/117/432 361/120/360 293/129/292
f 453/109/452 406/139/405 347/27/346
f 359/150/358 360/24/359 431/183/430 434/121/433
f 306/135/305 493/137/492 359/150/358 294/141/293
f 448/11/447 358/64/357 430/116/429
f 358/64/357 356/143/355 429/102/428 428/182/427
f 430/116/429 358/64/357 301/166/300
f 449/12/448 450/26/449 451/70/450 452/185/451
f 449/12/448 430/116/429 382/25/381
f 301/166/300 352/68/351 450/26/449 382/25/381
f 355/188/354 293/129/292 399/128/398 403/134/402
f 354/187/353 355/188/354 403/134/402 402/145/401
f 542/208/541 555/209/554 682/210/681
f 353/69/352 352/68/351 402/145/401 401/144/400
f 351/149/350 350/211/349 401/144/400 400/133/399
f 701/212/700 535/213/534 517/214/516 583/215/582
f 303/49/302 292/131/291 345/130/344 488/50/487
f 292/131/291 351/149/350 400/133/399 398/132/397
f 428/182/427 427/181/426 355/188/354 354/187/353
f 336/167/335 461/169/460 458/146/457
f 454/107/453 453/109/452 456/91/455 455/80/454
f 281/216/280 350/211/349 498/217/497 332/218/331
f 498/217/497 350/211/349 351/149/350 497/148/496
f 350/211/349 281/216/280 353/69/352 401/144/400
f 349/165/348 459/197/458 333/10/332 282/13/281
f 453/109/452 347/27/346 349/165/348 456/91/455
f 309/47/308 291/46/290 343/155/342 480/190/479
f 291/46/290 346/45/345 409/125/408 394/105/393
f 282/13/281 494/11/493 330/219/329
f 410/126/409 409/125/408 346/45/345 345/130/344
f 308/186/307 495/12/494 460/94/459
f 313/43/312 290/42/289 341/162/340 476/53/475
f 290/42/289 344/41/343 413/152/412 392/98/391
f 414/104/413 413/152/412 344/41/343 343/155/342
f 289/35/288 342/34/341 417/159/416 390/177/389
f 603/39/602 667/37/666 668/220/667
f 417/159/416 342/34/341 341/162/340 418/97/417
f 288/5/287 340/4/339 421/173/420 389/142/388
f 421/173/420 340/4/339 339/178/338 422/170/421
f 319/36/318 289/35/288 339/178/338 468/93/467
f 343/155/342 344/41/343 479/40/478 480/190/479
f 577/221/576 667/37/666 576/222/575
f 297/160/296 366/205/365 436/195/435 378/199/377
f 679/223/678 505/224/504 527/225/526
f 457/30/456 337/32/336 336/167/335 458/146/457
f 324/226/323 325/227/324 471/228/470 472/229/471
f 287/82/286 335/81/334 496/230/495 304/48/303
f 336/167/335 337/32/336 462/179/461 463/231/462
f 932/11/931 720/13/719 771/10/770
f 496/230/495 335/81/334 334/90/333 499/232/498
f 339/178/338 340/4/339 467/3/466 468/93/467
f 282/13/281 334/90/333 456/91/455 349/165/348
f 307/233/306 331/25/330 495/12/494 308/186/307
f 287/82/286 328/234/327 492/136/491 305/79/304
f 287/82/286 304/48/303 489/51/488 328/234/327
f 709/235/708 531/236/530 515/237/514 579/238/578
f 331/25/330 330/219/329 494/11/493 495/12/494
f 286/67/285 333/10/332 459/197/458
f 460/94/459 495/12/494 494/11/493
f 281/216/280 332/218/331 331/25/330 307/233/306
f 688/239/687 541/240/540 540/241/539
f 499/232/498 330/219/329 332/218/331 498/217/497
f 333/10/332 286/67/285 460/94/459
f 496/230/495 499/232/498 498/217/497 497/148/496
f 334/90/333 282/13/281 330/219/329 499/232/498
f 285/78/284 329/77/328 486/242/485 310/189/309
f 330/219/329 331/25/330 332/218/331
f 706/243/705 565/244/564 510/245/509 528/246/527
f 486/242/485 329/77/328 328/234/327 489/51/488
f 285/78/284 326/247/325 484/248/483 311/75/310
f 285/78/284 310/189/309 481/191/480 326/247/325
f 533/249/532 532/250/531 695/251/694 696/252/695
f 284/86/283 327/85/326 478/253/477 314/52/313
f 328/234/327 329/77/328 491/76/490 492/136/491
f 478/253/477 327/85/326 326/247/325 481/191/480
f 692/254/691 689/255/688 589/256/588 588/257/587
f 283/258/282 325/227/324 474/259/473 320/92/319
f 467/3/466 338/2/337 466/59/465
f 326/247/325 327/85/326 483/84/482 484/248/483
f 567/89/566 624/88/623 602/260/601 505/224/504
f 474/259/473 325/227/324 324/226/323 477/54/476
f 284/86/283 324/226/323 472/229/471 315/83/314
f 284/86/283 314/52/313 477/54/476 324/226/323
f 283/258/282 321/20/320 464/261/463 317/262/316
f 698/263/697 563/264/562 509/265/508 532/250/531
f 317/262/316 471/228/470 325/227/324 283/258/282
f 283/258/282 320/92/319 469/18/468 321/20/320
f 668/220/667 601/266/600 669/267/668
f 321/20/320 323/168/322 463/231/462 464/261/463
f 462/179/461 465/207/464 464/261/463 463/231/462
f 422/170/421 390/177/389 391/176/390 423/171/422
f 470/7/469 318/206/317 299/204/298 370/8/369
f 461/169/460 466/59/465 458/146/457
f 461/169/460 322/19/321 466/59/465
f 466/59/465 469/18/468 468/93/467 467/3/466
f 338/2/337 458/146/457 466/59/465
f 474/259/473 475/33/474 319/36/318 320/92/319
f 388/2/387 420/172/419 372/60/371
f 322/19/321 461/169/460 323/168/322
f 471/228/470 317/262/316 318/206/317 470/7/469
f 466/59/465 322/19/321 469/18/468
f 470/7/469 473/6/472 472/229/471 471/228/470
f 465/207/464 462/179/461 375/180/374 374/203/373
f 483/84/482 315/83/314 316/15/315 482/14/481
f 694/268/693 561/269/560 508/270/507 538/271/537
f 474/259/473 477/54/476 476/53/475 475/33/474
f 478/253/477 479/40/478 313/43/312 314/52/313
f 349/165/348 348/29/347 459/197/458
f 478/253/477 481/191/480 480/190/479 479/40/478
f 482/14/481 485/156/484 484/248/483 483/84/482
f 491/76/490 311/75/310 312/22/311 490/21/489
f 486/242/485 487/44/486 309/47/308 310/189/309
f 486/242/485 489/51/488 488/50/487 487/44/486
f 490/21/489 493/137/492 492/136/491 491/76/490
f 318/206/317 317/262/316 464/261/463 465/207/464
f 321/20/320 322/19/321 323/168/322
f 312/22/311 311/75/310 484/248/483 485/156/484
f 281/216/280 307/233/306 451/70/450 353/69/352
f 451/70/450 307/233/306 308/186/307 452/185/451
f 455/80/454 305/79/304 306/135/305 454/107/453
f 357/65/356 384/10/383 404/138/403 356/143/355
f 496/230/495 497/148/496 303/49/302 304/48/303
f 557/272/556 686/273/685 559/274/558 507/275/506
f 316/15/315 315/83/314 472/229/471 473/6/472
f 1114/30/1113 1081/31/1080 994/32/993
f 1030/58/1029 1104/59/1103 1029/60/1028
f 669/267/668 571/276/570 572/277/571 670/278/669
f 742/48/741 741/49/740 926/50/925 927/51/926
f 530/279/529 710/280/709 548/281/547 504/282/503
f 524/283/523 674/284/673 554/285/553 506/286/505
f 534/287/533 702/288/701 546/289/545 503/290/502
f 785/27/784 843/28/842 786/29/785
f 553/291/552 554/285/553 674/284/673 675/292/674
f 539/293/538 538/271/537 687/294/686 688/239/687
f 552/39/551 679/223/678 713/37/712
f 607/272/606 666/62/665 644/295/643
f 638/296/637 637/297/636 611/298/610 612/299/611
f 626/300/625 616/301/615 648/302/647
f 634/303/633 633/304/632 613/305/612 614/306/613
f 673/307/672 615/308/614 616/301/615 672/309/671
f 592/61/591 590/310/589 664/311/663
f 576/222/575 667/37/666 603/39/602
f 519/312/518 587/313/586 659/314/658 595/315/594
f 667/37/666 649/316/648 668/220/667
f 652/317/651 651/318/650 581/319/580 580/320/579
f 653/321/652 652/317/651 604/322/603 605/323/604
f 627/324/626 628/325/627 629/326/628 630/327/629
f 618/328/617 512/329/511 580/320/579 630/327/629
f 564/330/563 511/331/510 617/332/616 629/326/628
f 618/328/617 617/332/616 619/333/618 622/334/621
f 525/335/524 524/283/523 711/336/710 712/337/711
f 623/338/622 624/88/623 625/339/624 626/300/625
f 605/323/604 645/340/644 615/308/614 513/341/512
f 616/301/615 615/308/614 645/340/644 648/302/647
f 630/327/629 629/326/628 617/332/616 618/328/617
f 676/55/675 608/342/607 643/56/642
f 577/221/576 576/222/575 575/343/574
f 619/333/618 620/344/619 621/345/620 622/334/621
f 677/346/676 507/275/506 676/55/675
f 666/62/665 663/347/662 644/295/643
f 716/348/715 570/349/569 511/331/510 522/72/521
f 712/337/711 709/235/708 579/238/578 578/350/577
f 616/301/615 625/339/624 672/309/671
f 631/351/630 632/352/631 633/304/632 634/303/633
f 614/306/613 514/353/513 584/354/583 634/303/633
f 562/355/561 510/245/509 613/305/612 633/304/632
f 614/306/613 613/305/612 628/325/627 627/324/626
f 625/339/624 616/301/615 626/300/625
f 626/300/625 575/343/574 623/338/622
f 566/87/565 625/339/624 624/88/623
f 704/356/703 701/212/700 583/215/582 582/357/581
f 635/358/634 636/359/635 637/297/636 638/296/637
f 612/299/611 516/360/515 586/361/585 638/296/637
f 560/362/559 509/265/508 611/298/610 637/297/636
f 612/299/611 611/298/610 632/352/631 631/351/630
f 556/57/555 643/56/642 521/363/520
f 660/364/659 659/314/658 587/313/586 586/361/585
f 591/63/590 666/62/665 607/272/606
f 566/87/565 567/89/566 568/365/567
f 601/266/600 649/316/648 520/366/519
f 555/209/554 542/208/541 680/347/679
f 641/367/640 642/368/641 639/369/638 640/370/639
f 665/371/664 664/311/663 595/315/594 596/372/595
f 610/373/609 519/312/518 590/310/589 642/368/641
f 508/270/507 609/374/608 641/367/640 558/375/557
f 610/373/609 609/374/608 636/359/635 635/358/634
f 608/342/607 676/55/675 507/275/506
f 607/272/606 608/342/607 640/370/639 639/369/638
f 681/376/680 556/57/555 521/363/520 594/377/593
f 644/295/643 643/56/642 608/342/607 607/272/606
f 645/340/644 646/378/645 647/379/646 648/302/647
f 560/362/559 561/269/560 694/268/693 695/251/694
f 652/317/651 653/321/652 650/380/649 651/318/650
f 653/321/652 605/323/604 513/341/512 578/350/577
f 521/363/520 643/56/642 644/295/643
f 605/323/604 604/322/603 646/378/645 645/340/644
f 662/381/661 606/209/605 663/347/662
f 602/260/601 603/39/602 668/220/667 671/382/670
f 505/224/504 602/260/601 671/382/670 527/225/526
f 592/61/591 664/311/663 663/347/662
f 621/345/620 571/276/570 520/366/519 573/383/572
f 644/295/643 606/209/605 521/363/520
f 577/221/576 647/379/646 573/383/572 520/366/519
f 575/343/574 626/300/625 648/302/647
f 623/338/622 603/39/602 602/260/601 624/88/623
f 512/329/511 574/384/573 646/378/645 604/322/603
f 529/385/528 528/246/527 699/386/698 700/387/699
f 656/388/655 657/389/656 654/390/653 655/391/654
f 657/389/656 600/392/599 515/237/514 582/357/581
f 505/224/504 678/393/677 567/89/566
f 600/392/599 599/394/598 651/318/650 650/380/649
f 657/389/656 656/388/655 599/394/598 600/392/599
f 514/353/513 581/319/580 651/318/650 599/394/598
f 660/364/659 597/395/596 598/396/597 661/397/660
f 658/398/657 659/314/658 660/364/659 661/397/660
f 598/396/597 517/214/516 588/257/587 661/397/660
f 598/396/597 597/395/596 655/391/654 654/390/653
f 664/311/663 665/371/664 662/381/661 663/347/662
f 593/399/592 665/371/664 596/372/595 518/400/517
f 596/372/595 595/315/594 659/314/658 658/398/657
f 656/388/655 655/391/654 585/401/584 584/354/583
f 590/310/589 592/61/591 591/63/590
f 513/341/512 615/308/614 673/307/672 525/335/524
f 606/209/605 662/381/661 594/377/593 521/363/520
f 564/330/563 565/244/564 706/243/705 707/73/706
f 593/399/592 594/377/593 662/381/661 665/371/664
f 537/402/536 684/403/683 593/399/592 518/400/517
f 557/272/556 507/275/506 677/346/676
f 590/310/589 591/63/590 639/369/638 642/368/641
f 595/315/594 664/311/663 590/310/589 519/312/518
f 606/209/605 644/295/643 663/347/662
f 587/313/586 519/312/518 610/373/609 635/358/634
f 666/62/665 592/61/591 663/347/662
f 658/398/657 589/256/588 518/400/517 596/372/595
f 588/257/587 589/256/588 658/398/657 661/397/660
f 535/213/534 692/254/691 588/257/587 517/214/516
f 654/390/653 583/215/582 517/214/516 598/396/597
f 597/395/596 660/364/659 586/361/585 516/360/515
f 585/401/584 516/360/515 612/299/611 631/351/630
f 586/361/585 587/313/586 635/358/634 638/296/637
f 584/354/583 585/401/584 631/351/630 634/303/633
f 599/394/598 656/388/655 584/354/583 514/353/513
f 582/357/581 583/215/582 654/390/653 657/389/656
f 531/236/530 704/356/703 582/357/581 515/237/514
f 650/380/649 579/238/578 515/237/514 600/392/599
f 581/319/580 514/353/513 614/306/613 627/324/626
f 580/320/579 581/319/580 627/324/626 630/327/629
f 604/322/603 652/317/651 580/320/579 512/329/511
f 672/309/671 625/339/624 566/87/565
f 578/350/577 579/238/578 650/380/649 653/321/652
f 525/335/524 712/337/711 578/350/577 513/341/512
f 667/37/666 577/221/576 649/316/648
f 577/221/576 575/343/574 648/302/647 647/379/646
f 649/316/648 577/221/576 520/366/519
f 668/220/667 669/267/668 670/278/669 671/382/670
f 668/220/667 649/316/648 601/266/600
f 520/366/519 571/276/570 669/267/668 601/266/600
f 574/384/573 512/329/511 618/328/617 622/334/621
f 573/383/572 574/384/573 622/334/621 621/345/620
f 761/168/760 774/167/773 901/231/900
f 572/277/571 571/276/570 621/345/620 620/344/619
f 570/349/569 569/404/568 620/344/619 619/333/618
f 920/14/919 754/15/753 736/16/735 802/17/801
f 522/72/521 511/331/510 564/330/563 707/73/706
f 511/331/510 570/349/569 619/333/618 617/332/616
f 647/379/646 646/378/645 574/384/573 573/383/572
f 555/209/554 680/347/679 677/346/676
f 673/307/672 672/309/671 675/292/674 674/284/673
f 500/405/499 569/404/568 717/406/716 551/407/550
f 717/406/716 569/404/568 570/349/569 716/348/715
f 569/404/568 500/405/499 572/277/571 620/344/619
f 568/365/567 678/393/677 552/39/551 501/38/500
f 672/309/671 566/87/565 568/365/567 675/292/674
f 528/246/527 510/245/509 562/355/561 699/386/698
f 510/245/509 565/244/564 628/325/627 613/305/612
f 501/38/500 713/37/712 549/408/548
f 629/326/628 628/325/627 565/244/564 564/330/563
f 527/225/526 714/220/713 679/223/678
f 532/250/531 509/265/508 560/362/559 695/251/694
f 509/265/508 563/264/562 632/352/631 611/298/610
f 633/304/632 632/352/631 563/264/562 562/355/561
f 508/270/507 561/269/560 636/359/635 609/374/608
f 822/10/821 886/11/885 887/12/886
f 636/359/635 561/269/560 560/362/559 637/297/636
f 507/275/506 559/274/558 640/370/639 608/342/607
f 640/370/639 559/274/558 558/375/557 641/367/640
f 538/271/537 508/270/507 558/375/557 687/294/686
f 562/355/561 563/264/562 698/263/697 699/386/698
f 796/64/795 886/11/885 795/65/794
f 516/360/515 585/401/584 655/391/654 597/395/596
f 898/94/897 724/67/723 746/186/745
f 676/55/675 556/57/555 555/209/554 677/346/676
f 543/409/542 544/410/543 690/411/689 691/412/690
f 506/286/505 554/285/553 715/413/714 523/71/522
f 555/209/554 556/57/555 681/376/680 682/210/681
f 1151/11/1150 939/13/938 990/10/989
f 715/413/714 554/285/553 553/291/552 718/414/717
f 558/375/557 559/274/558 686/273/685 687/294/686
f 501/38/500 553/291/552 675/292/674 568/365/567
f 526/415/525 550/266/549 714/220/713 527/225/526
f 506/286/505 547/416/546 711/336/710 524/283/523
f 506/286/505 523/71/522 708/74/707 547/416/546
f 928/21/927 750/22/749 734/23/733 798/24/797
f 550/266/549 549/408/548 713/37/712 714/220/713
f 505/224/504 552/39/551 678/393/677
f 679/223/678 714/220/713 713/37/712
f 500/405/499 551/407/550 550/266/549 526/415/525
f 907/18/906 760/19/759 759/20/758
f 718/414/717 549/408/548 551/407/550 717/406/716
f 552/39/551 505/224/504 679/223/678
f 715/413/714 718/414/717 717/406/716 716/348/715
f 553/291/552 501/38/500 549/408/548 718/414/717
f 504/282/503 548/281/547 705/417/704 529/385/528
f 549/408/548 550/266/549 551/407/550
f 925/44/924 784/45/783 729/46/728 747/47/746
f 705/417/704 548/281/547 547/416/546 708/74/707
f 504/282/503 545/418/544 703/419/702 530/279/529
f 504/282/503 529/385/528 700/387/699 545/418/544
f 752/52/751 751/43/750 914/53/913 915/54/914
f 503/290/502 546/289/545 697/420/696 533/249/532
f 547/416/546 548/281/547 710/280/709 711/336/710
f 697/420/696 546/289/545 545/418/544 700/387/699
f 911/6/910 908/7/907 808/8/807 807/9/806
f 502/421/501 544/410/543 693/422/692 539/293/538
f 686/273/685 557/272/556 685/62/684
f 545/418/544 546/289/545 702/288/701 703/419/702
f 786/29/785 843/28/842 821/66/820 724/67/723
f 693/422/692 544/410/543 543/409/542 696/252/695
f 503/290/502 543/409/542 691/412/690 534/287/533
f 503/290/502 533/249/532 696/252/695 543/409/542
f 502/421/501 540/241/539 683/423/682 536/424/535
f 917/40/916 782/41/781 728/42/727 751/43/750
f 536/424/535 690/411/689 544/410/543 502/421/501
f 502/421/501 539/293/538 688/239/687 540/241/539
f 887/12/886 820/25/819 888/26/887
f 540/241/539 542/208/541 682/210/681 683/423/682
f 681/376/680 684/403/683 683/423/682 682/210/681
f 641/367/640 609/374/608 610/373/609 642/368/641
f 689/255/688 537/402/536 518/400/517 589/256/588
f 680/347/679 685/62/684 677/346/676
f 680/347/679 541/240/540 685/62/684
f 685/62/684 688/239/687 687/294/686 686/273/685
f 557/272/556 677/346/676 685/62/684
f 693/422/692 694/268/693 538/271/537 539/293/538
f 607/272/606 639/369/638 591/63/590
f 541/240/540 680/347/679 542/208/541
f 690/411/689 536/424/535 537/402/536 689/255/688
f 685/62/684 541/240/540 688/239/687
f 689/255/688 692/254/691 691/412/690 690/411/689
f 684/403/683 681/376/680 594/377/593 593/399/592
f 702/288/701 534/287/533 535/213/534 701/212/700
f 913/33/912 780/34/779 727/35/726 757/36/756
f 693/422/692 696/252/695 695/251/694 694/268/693
f 697/420/696 698/263/697 532/250/531 533/249/532
f 568/365/567 567/89/566 678/393/677
f 697/420/696 700/387/699 699/386/698 698/263/697
f 701/212/700 704/356/703 703/419/702 702/288/701
f 710/280/709 530/279/529 531/236/530 709/235/708
f 705/417/704 706/243/705 528/246/527 529/385/528
f 705/417/704 708/74/707 707/73/706 706/243/705
f 709/235/708 712/337/711 711/336/710 710/280/709
f 537/402/536 536/424/535 683/423/682 684/403/683
f 540/241/539 541/240/540 542/208/541
f 531/236/530 530/279/529 703/419/702 704/356/703
f 500/405/499 526/415/525 670/278/669 572/277/571
f 670/278/669 526/415/525 527/225/526 671/382/670
f 674/284/673 524/283/523 525/335/524 673/307/672
f 576/222/575 603/39/602 623/338/622 575/343/574
f 715/413/714 716/348/715 522/72/521 523/71/522
f 776/2/775 905/3/904 778/4/777 726/5/725
f 535/213/534 534/287/533 691/412/690 692/254/691
f 888/26/887 790/68/789 791/69/790 889/70/888
f 961/48/960 960/49/959 1145/50/1144 1146/51/1145
f 749/75/748 929/76/928 767/77/766 723/78/722
f 743/79/742 893/80/892 773/81/772 725/82/724
f 753/83/752 921/84/920 765/85/764 722/86/721
f 1004/27/1003 1062/28/1061 1005/29/1004
f 772/90/771 773/81/772 893/80/892 894/91/893
f 758/92/757 757/36/756 906/93/905 907/18/906
f 771/10/770 898/94/897 932/11/931
f 826/2/825 885/59/884 863/95/862
f 857/96/856 856/97/855 830/98/829 831/99/830
f 845/100/844 835/101/834 867/102/866
f 853/103/852 852/104/851 832/105/831 833/106/832
f 892/107/891 834/108/833 835/101/834 891/109/890
f 811/58/810 809/110/808 883/111/882
f 795/65/794 886/11/885 822/10/821
f 738/112/737 806/113/805 878/114/877 814/115/813
f 886/11/885 868/116/867 887/12/886
f 871/117/870 870/118/869 800/119/799 799/120/798
f 872/121/871 871/117/870 823/122/822 824/123/823
f 846/124/845 847/125/846 848/126/847 849/127/848
f 837/128/836 731/129/730 799/120/798 849/127/848
f 783/130/782 730/131/729 836/132/835 848/126/847
f 837/128/836 836/132/835 838/133/837 841/134/840
f 744/135/743 743/79/742 930/136/929 931/137/930
f 842/138/841 843/28/842 844/139/843 845/100/844
f 824/123/823 864/140/863 834/108/833 732/141/731
f 835/101/834 834/108/833 864/140/863 867/102/866
f 849/127/848 848/126/847 836/132/835 837/128/836
f 895/30/894 827/142/826 862/31/861
f 796/64/795 795/65/794 794/143/793
f 838/133/837 839/144/838 840/145/839 841/134/840
f 896/146/895 726/5/725 895/30/894
f 885/59/884 882/147/881 863/95/862
f 935/148/934 789/149/788 730/131/729 741/49/740
f 931/137/930 928/21/927 798/24/797 797/150/796
f 835/101/834 844/139/843 891/109/890
f 850/151/849 851/152/850 852/104/851 853/103/852
f 833/106/832 733/153/732 803/154/802 853/103/852
f 781/155/780 729/46/728 832/105/831 852/104/851
f 833/106/832 832/105/831 847/125/846 846/124/845
f 844/139/843 835/101/834 845/100/844
f 845/100/844 794/143/793 842/138/841
f 785/27/784 844/139/843 843/28/842
f 923/156/922 920/14/919 802/17/801 801/157/800
f 854/158/853 855/159/854 856/97/855 857/96/856
f 831/99/830 735/160/734 805/161/804 857/96/856
f 779/162/778 728/42/727 830/98/829 856/97/855
f 831/99/830 830/98/829 851/152/850 850/151/849
f 775/32/774 862/31/861 740/163/739
f 879/164/878 878/114/877 806/113/805 805/161/804
f 810/60/809 885/59/884 826/2/825
f 785/27/784 786/29/785 787/165/786
f 820/25/819 868/116/867 739/166/738
f 774/167/773 761/168/760 899/169/898
f 860/170/859 861/171/860 858/172/857 859/173/858
f 884/174/883 883/111/882 814/115/813 815/175/814
f 829/176/828 738/112/737 809/110/808 861/171/860
f 727/35/726 828/177/827 860/170/859 777/178/776
f 829/176/828 828/177/827 855/159/854 854/158/853
f 827/142/826 895/30/894 726/5/725
f 826/2/825 827/142/826 859/173/858 858/172/857
f 900/179/899 775/32/774 740/163/739 813/180/812
f 863/95/862 862/31/861 827/142/826 826/2/825
f 864/140/863 865/181/864 866/182/865 867/102/866
f 779/162/778 780/34/779 913/33/912 914/53/913
f 871/117/870 872/121/871 869/183/868 870/118/869
f 872/121/871 824/123/823 732/141/731 797/150/796
f 740/163/739 862/31/861 863/95/862
f 824/123/823 823/122/822 865/181/864 864/140/863
f 881/184/880 825/167/824 882/147/881
f 821/66/820 822/10/821 887/12/886 890/185/889
f 724/67/723 821/66/820 890/185/889 746/186/745
f 811/58/810 883/111/882 882/147/881
f 840/145/839 790/68/789 739/166/738 792/187/791
f 863/95/862 825/167/824 740/163/739
f 796/64/795 866/182/865 792/187/791 739/166/738
f 794/143/793 845/100/844 867/102/866
f 842/138/841 822/10/821 821/66/820 843/28/842
f 731/129/730 793/188/792 865/181/864 823/122/822
f 748/189/747 747/47/746 918/190/917 919/191/918
f 875/192/874 876/193/875 873/194/872 874/195/873
f 876/193/875 819/196/818 734/23/733 801/157/800
f 724/67/723 897/197/896 786/29/785
f 819/196/818 818/198/817 870/118/869 869/183/868
f 876/193/875 875/192/874 818/198/817 819/196/818
f 733/153/732 800/119/799 870/118/869 818/198/817
f 879/164/878 816/199/815 817/200/816 880/201/879
f 877/202/876 878/114/877 879/164/878 880/201/879
f 817/200/816 736/16/735 807/9/806 880/201/879
f 817/200/816 816/199/815 874/195/873 873/194/872
f 883/111/882 884/174/883 881/184/880 882/147/881
f 812/203/811 884/174/883 815/175/814 737/204/736
f 815/175/814 814/115/813 878/114/877 877/202/876
f 875/192/874 874/195/873 804/205/803 803/154/802
f 809/110/808 811/58/810 810/60/809
f 732/141/731 834/108/833 892/107/891 744/135/743
f 825/167/824 881/184/880 813/180/812 740/163/739
f 783/130/782 784/45/783 925/44/924 926/50/925
f 812/203/811 813/180/812 881/184/880 884/174/883
f 756/206/755 903/207/902 812/203/811 737/204/736
f 776/2/775 726/5/725 896/146/895
f 809/110/808 810/60/809 858/172/857 861/171/860
f 814/115/813 883/111/882 809/110/808 738/112/737
f 825/167/824 863/95/862 882/147/881
f 806/113/805 738/112/737 829/176/828 854/158/853
f 885/59/884 811/58/810 882/147/881
f 877/202/876 808/8/807 737/204/736 815/175/814
f 807/9/806 808/8/807 877/202/876 880/201/879
f 754/15/753 911/6/910 807/9/806 736/16/735
f 873/194/872 802/17/801 736/16/735 817/200/816
f 816/199/815 879/164/878 805/161/804 735/160/734
f 804/205/803 735/160/734 831/99/830 850/151/849
f 805/161/804 806/113/805 854/158/853 857/96/856
f 803/154/802 804/205/803 850/151/849 853/103/852
f 818/198/817 875/192/874 803/154/802 733/153/732
f 801/157/800 802/17/801 873/194/872 876/193/875
f 750/22/749 923/156/922 801/157/800 734/23/733
f 869/183/868 798/24/797 734/23/733 819/196/818
f 800/119/799 733/153/732 833/106/832 846/124/845
f 799/120/798 800/119/799 846/124/845 849/127/848
f 823/122/822 871/117/870 799/120/798 731/129/730
f 891/109/890 844/139/843 785/27/784
f 797/150/796 798/24/797 869/183/868 872/121/871
f 744/135/743 931/137/930 797/150/796 732/141/731
f 886/11/885 796/64/795 868/116/867
f 796/64/795 794/143/793 867/102/866 866/182/865
f 868/116/867 796/64/795 739/166/738
f 887/12/886 888/26/887 889/70/888 890/185/889
f 887/12/886 868/116/867 820/25/819
f 739/166/738 790/68/789 888/26/887 820/25/819
f 793/188/792 731/129/730 837/128/836 841/134/840
f 792/187/791 793/188/792 841/134/840 840/145/839
f 980/168/979 993/167/992 1120/231/1119
f 791/69/790 790/68/789 840/145/839 839/144/838
f 789/149/788 788/211/787 839/144/838 838/133/837
f 1139/14/1138 973/15/972 955/16/954 1021/17/1020
f 741/49/740 730/131/729 783/130/782 926/50/925
f 730/131/729 789/149/788 838/133/837 836/132/835
f 866/182/865 865/181/864 793/188/792 792/187/791
f 774/167/773 899/169/898 896/146/895
f 892/107/891 891/109/890 894/91/893 893/80/892
f 719/216/718 788/211/787 936/217/935 770/218/769
f 936/217/935 788/211/787 789/149/788 935/148/934
f 788/211/787 719/216/718 791/69/790 839/144/838
f 787/165/786 897/197/896 771/10/770 720/13/719
f 891/109/890 785/27/784 787/165/786 894/91/893
f 747/47/746 729/46/728 781/155/780 918/190/917
f 729/46/728 784/45/783 847/125/846 832/105/831
f 720/13/719 932/11/931 768/219/767
f 848/126/847 847/125/846 784/45/783 783/130/782
f 746/186/745 933/12/932 898/94/897
f 751/43/750 728/42/727 779/162/778 914/53/913
f 728/42/727 782/41/781 851/152/850 830/98/829
f 852/104/851 851/152/850 782/41/781 781/155/780
f 727/35/726 780/34/779 855/159/854 828/177/827
f 1041/10/1040 1105/11/1104 1106/12/1105
f 855/159/854 780/34/779 779/162/778 856/97/855
f 726/5/725 778/4/777 859/173/858 827/142/826
f 859/173/858 778/4/777 777/178/776 860/170/859
f 757/36/756 727/35/726 777/178/776 906/93/905
f 781/155/780 782/41/781 917/40/916 918/190/917
f 1015/64/1014 1105/11/1104 1014/65/1013
f 735/160/734 804/205/803 874/195/873 816/199/815
f 1117/94/1116 943/67/942 965/186/964
f 895/30/894 775/32/774 774/167/773 896/146/895
f 762/226/761 763/227/762 909/228/908 910/229/909
f 725/82/724 773/81/772 934/230/933 742/48/741
f 774/167/773 775/32/774 900/179/899 901/231/900
f 934/230/933 773/81/772 772/90/771 937/232/936
f 777/178/776 778/4/777 905/3/904 906/93/905
f 720/13/719 772/90/771 894/91/893 787/165/786
f 745/233/744 769/25/768 933/12/932 746/186/745
f 725/82/724 766/234/765 930/136/929 743/79/742
f 725/82/724 742/48/741 927/51/926 766/234/765
f 1147/21/1146 969/22/968 953/23/952 1017/24/1016
f 769/25/768 768/219/767 932/11/931 933/12/932
f 724/67/723 771/10/770 897/197/896
f 898/94/897 933/12/932 932/11/931
f 719/216/718 770/218/769 769/25/768 745/233/744
f 1126/18/1125 979/19/978 978/20/977
f 937/232/936 768/219/767 770/218/769 936/217/935
f 771/10/770 724/67/723 898/94/897
f 934/230/933 937/232/936 936/217/935 935/148/934
f 772/90/771 720/13/719 768/219/767 937/232/936
f 723/78/722 767/77/766 924/242/923 748/189/747
f 768/219/767 769/25/768 770/218/769
f 1144/44/1143 1003/45/1002 948/46/947 966/47/965
f 924/242/923 767/77/766 766/234/765 927/51/926
f 723/78/722 764/247/763 922/248/921 749/75/748
f 723/78/722 748/189/747 919/191/918 764/247/763
f 971/52/970 970/43/969 1133/53/1132 1134/54/1133
f 722/86/721 765/85/764 916/253/915 752/52/751
f 766/234/765 767/77/766 929/76/928 930/136/929
f 916/253/915 765/85/764 764/247/763 919/191/918
f 1130/6/1129 1127/7/1126 1027/8/1026 1026/9/1025
f 721/258/720 763/227/762 912/259/911 758/92/757
f 905/3/904 776/2/775 904/59/903
f 764/247/763 765/85/764 921/84/920 922/248/921
f 1005/29/1004 1062/28/1061 1040/66/1039 943/67/942
f 912/259/911 763/227/762 762/226/761 915/54/914
f 722/86/721 762/226/761 910/229/909 753/83/752
f 722/86/721 752/52/751 915/54/914 762/226/761
f 721/258/720 759/20/758 902/261/901 755/262/754
f 1136/40/1135 1001/41/1000 947/42/946 970/43/969
f 755/262/754 909/228/908 763/227/762 721/258/720
f 721/258/720 758/92/757 907/18/906 759/20/758
f 1106/12/1105 1039/25/1038 1107/26/1106
f 759/20/758 761/168/760 901/231/900 902/261/901
f 900/179/899 903/207/902 902/261/901 901/231/900
f 860/170/859 828/177/827 829/176/828 861/171/860
f 908/7/907 756/206/755 737/204/736 808/8/807
f 899/169/898 904/59/903 896/146/895
f 899/169/898 760/19/759 904/59/903
f 904/59/903 907/18/906 906/93/905 905/3/904
f 776/2/775 896/146/895 904/59/903
f 912/259/911 913/33/912 757/36/756 758/92/757
f 826/2/825 858/172/857 810/60/809
f 760/19/759 899/169/898 761/168/760
f 909/228/908 755/262/754 756/206/755 908/7/907
f 904/59/903 760/19/759 907/18/906
f 908/7/907 911/6/910 910/229/909 909/228/908
f 903/207/902 900/179/899 813/180/812 812/203/811
f 921/84/920 753/83/752 754/15/753 920/14/919
f 1132/33/1131 999/34/998 946/35/945 976/36/975
f 912/259/911 915/54/914 914/53/913 913/33/912
f 916/253/915 917/40/916 751/43/750 752/52/751
f 787/165/786 786/29/785 897/197/896
f 916/253/915 919/191/918 918/190/917 917/40/916
f 920/14/919 923/156/922 922/248/921 921/84/920
f 204/1/204 234/1/234 17/1/17 4/1/4
f 929/76/928 749/75/748 750/22/749 928/21/927
f 323/168/322 336/167/335 463/231/462
f 924/242/923 925/44/924 747/47/746 748/189/747
f 924/242/923 927/51/926 926/50/925 925/44/924
f 928/21/927 931/137/930 930/136/929 929/76/928
f 756/206/755 755/262/754 902/261/901 903/207/902
f 759/20/758 760/19/759 761/168/760
f 750/22/749 749/75/748 922/248/921 923/156/922
f 719/216/718 745/233/744 889/70/888 791/69/790
f 889/70/888 745/233/744 746/186/745 890/185/889
f 893/80/892 743/79/742 744/135/743 892/107/891
f 795/65/794 822/10/821 842/138/841 794/143/793
f 934/230/933 935/148/934 741/49/740 742/48/741
f 995/2/994 1124/3/1123 997/4/996 945/5/944
f 754/15/753 753/83/752 910/229/909 911/6/910
f 1107/26/1106 1009/68/1008 1010/69/1009 1108/70/1107
f 107/1/107 110/1/110 91/1/91 88/1/88
f 968/75/967 1148/76/1147 986/77/985 942/78/941
f 962/79/961 1112/80/1111 992/81/991 944/82/943
f 972/83/971 1140/84/1139 984/85/983 941/86/940
f 991/90/990 992/81/991 1112/80/1111 1113/91/1112
f 977/92/976 976/36/975 1125/93/1124 1126/18/1125
f 990/10/989 1117/94/1116 1151/11/1150
f 1045/2/1044 1104/59/1103 1082/95/1081
f 1076/96/1075 1075/97/1074 1049/98/1048 1050/99/1049
f 1064/100/1063 1054/101/1053 1086/102/1085
f 1072/103/1071 1071/104/1070 1051/105/1050 1052/106/1051
f 1111/107/1110 1053/108/1052 1054/101/1053 1110/109/1109
f 1030/58/1029 1028/110/1027 1102/111/1101
f 1014/65/1013 1105/11/1104 1041/10/1040
f 957/112/956 1025/113/1024 1097/114/1096 1033/115/1032
f 1105/11/1104 1087/116/1086 1106/12/1105
f 1090/117/1089 1089/118/1088 1019/119/1018 1018/120/1017
f 1091/121/1090 1090/117/1089 1042/122/1041 1043/123/1042
f 1065/124/1064 1066/125/1065 1067/126/1066 1068/127/1067
f 1056/128/1055 950/129/949 1018/120/1017 1068/127/1067
f 1002/130/1001 949/131/948 1055/132/1054 1067/126/1066
f 1056/128/1055 1055/132/1054 1057/133/1056 1060/134/1059
f 963/135/962 962/79/961 1149/136/1148 1150/137/1149
f 1061/138/1060 1062/28/1061 1063/139/1062 1064/100/1063
f 1043/123/1042 1083/140/1082 1053/108/1052 951/141/950
f 1054/101/1053 1053/108/1052 1083/140/1082 1086/102/1085
f 1068/127/1067 1067/126/1066 1055/132/1054 1056/128/1055
f 1114/30/1113 1046/142/1045 1081/31/1080
f 1015/64/1014 1014/65/1013 1013/143/1012
f 1057/133/1056 1058/144/1057 1059/145/1058 1060/134/1059
f 1115/146/1114 945/5/944 1114/30/1113
f 1104/59/1103 1101/147/1100 1082/95/1081
f 1154/148/1153 1008/149/1007 949/131/948 960/49/959
f 1150/137/1149 1147/21/1146 1017/24/1016 1016/150/1015
f 1054/101/1053 1063/139/1062 1110/109/1109
f 1069/151/1068 1070/152/1069 1071/104/1070 1072/103/1071
f 1052/106/1051 952/153/951 1022/154/1021 1072/103/1071
f 1000/155/999 948/46/947 1051/105/1050 1071/104/1070
f 1052/106/1051 1051/105/1050 1066/125/1065 1065/124/1064
f 1063/139/1062 1054/101/1053 1064/100/1063
f 1064/100/1063 1013/143/1012 1061/138/1060
f 1004/27/1003 1063/139/1062 1062/28/1061
f 1142/156/1141 1139/14/1138 1021/17/1020 1020/157/1019
f 1073/158/1072 1074/159/1073 1075/97/1074 1076/96/1075
f 1050/99/1049 954/160/953 1024/161/1023 1076/96/1075
f 998/162/997 947/42/946 1049/98/1048 1075/97/1074
f 1050/99/1049 1049/98/1048 1070/152/1069 1069/151/1068
f 994/32/993 1081/31/1080 959/163/958
f 1098/164/1097 1097/114/1096 1025/113/1024 1024/161/1023
f 1029/60/1028 1104/59/1103 1045/2/1044
f 1004/27/1003 1005/29/1004 1006/165/1005
f 1039/25/1038 1087/116/1086 958/166/957
f 993/167/992 980/168/979 1118/169/1117
f 1079/170/1078 1080/171/1079 1077/172/1076 1078/173/1077
f 1103/174/1102 1102/111/1101 1033/115/1032 1034/175/1033
f 1048/176/1047 957/112/956 1028/110/1027 1080/171/1079
f 946/35/945 1047/177/1046 1079/170/1078 996/178/995
f 1048/176/1047 1047/177/1046 1074/159/1073 1073/158/1072
f 1046/142/1045 1114/30/1113 945/5/944
f 1045/2/1044 1046/142/1045 1078/173/1077 1077/172/1076
f 1119/179/1118 994/32/993 959/163/958 1032/180/1031
f 1082/95/1081 1081/31/1080 1046/142/1045 1045/2/1044
f 1083/140/1082 1084/181/1083 1085/182/1084 1086/102/1085
f 998/162/997 999/34/998 1132/33/1131 1133/53/1132
f 1090/117/1089 1091/121/1090 1088/183/1087 1089/118/1088
f 1091/121/1090 1043/123/1042 951/141/950 1016/150/1015
f 959/163/958 1081/31/1080 1082/95/1081
f 1043/123/1042 1042/122/1041 1084/181/1083 1083/140/1082
f 1100/184/1099 1044/167/1043 1101/147/1100
f 1040/66/1039 1041/10/1040 1106/12/1105 1109/185/1108
f 943/67/942 1040/66/1039 1109/185/1108 965/186/964
f 1030/58/1029 1102/111/1101 1101/147/1100
f 1059/145/1058 1009/68/1008 958/166/957 1011/187/1010
f 1082/95/1081 1044/167/1043 959/163/958
f 1015/64/1014 1085/182/1084 1011/187/1010 958/166/957
f 1013/143/1012 1064/100/1063 1086/102/1085
f 1061/138/1060 1041/10/1040 1040/66/1039 1062/28/1061
f 950/129/949 1012/188/1011 1084/181/1083 1042/122/1041
f 967/189/966 966/47/965 1137/190/1136 1138/191/1137
f 1094/192/1093 1095/193/1094 1092/194/1091 1093/195/1092
f 1095/193/1094 1038/196/1037 953/23/952 1020/157/1019
f 943/67/942 1116/197/1115 1005/29/1004
f 1038/196/1037 1037/198/1036 1089/118/1088 1088/183/1087
f 1095/193/1094 1094/192/1093 1037/198/1036 1038/196/1037
f 952/153/951 1019/119/1018 1089/118/1088 1037/198/1036
f 1098/164/1097 1035/199/1034 1036/200/1035 1099/201/1098
f 1096/202/1095 1097/114/1096 1098/164/1097 1099/201/1098
f 1036/200/1035 955/16/954 1026/9/1025 1099/201/1098
f 1036/200/1035 1035/199/1034 1093/195/1092 1092/194/1091
f 1102/111/1101 1103/174/1102 1100/184/1099 1101/147/1100
f 1031/203/1030 1103/174/1102 1034/175/1033 956/204/955
f 1034/175/1033 1033/115/1032 1097/114/1096 1096/202/1095
f 1094/192/1093 1093/195/1092 1023/205/1022 1022/154/1021
f 1028/110/1027 1030/58/1029 1029/60/1028
f 951/141/950 1053/108/1052 1111/107/1110 963/135/962
f 1044/167/1043 1100/184/1099 1032/180/1031 959/163/958
f 1002/130/1001 1003/45/1002 1144/44/1143 1145/50/1144
f 1031/203/1030 1032/180/1031 1100/184/1099 1103/174/1102
f 975/206/974 1122/207/1121 1031/203/1030 956/204/955
f 995/2/994 945/5/944 1115/146/1114
f 1028/110/1027 1029/60/1028 1077/172/1076 1080/171/1079
f 1033/115/1032 1102/111/1101 1028/110/1027 957/112/956
f 1044/167/1043 1082/95/1081 1101/147/1100
f 1025/113/1024 957/112/956 1048/176/1047 1073/158/1072
f 1104/59/1103 1030/58/1029 1101/147/1100
f 1096/202/1095 1027/8/1026 956/204/955 1034/175/1033
f 1026/9/1025 1027/8/1026 1096/202/1095 1099/201/1098
f 973/15/972 1130/6/1129 1026/9/1025 955/16/954
f 1092/194/1091 1021/17/1020 955/16/954 1036/200/1035
f 1035/199/1034 1098/164/1097 1024/161/1023 954/160/953
f 1023/205/1022 954/160/953 1050/99/1049 1069/151/1068
f 1024/161/1023 1025/113/1024 1073/158/1072 1076/96/1075
f 1022/154/1021 1023/205/1022 1069/151/1068 1072/103/1071
f 1037/198/1036 1094/192/1093 1022/154/1021 952/153/951
f 1020/157/1019 1021/17/1020 1092/194/1091 1095/193/1094
f 969/22/968 1142/156/1141 1020/157/1019 953/23/952
f 1088/183/1087 1017/24/1016 953/23/952 1038/196/1037
f 1019/119/1018 952/153/951 1052/106/1051 1065/124/1064
f 1018/120/1017 1019/119/1018 1065/124/1064 1068/127/1067
f 1042/122/1041 1090/117/1089 1018/120/1017 950/129/949
f 1110/109/1109 1063/139/1062 1004/27/1003
f 1016/150/1015 1017/24/1016 1088/183/1087 1091/121/1090
f 963/135/962 1150/137/1149 1016/150/1015 951/141/950
f 1105/11/1104 1015/64/1014 1087/116/1086
f 1015/64/1014 1013/143/1012 1086/102/1085 1085/182/1084
f 1087/116/1086 1015/64/1014 958/166/957
f 1106/12/1105 1107/26/1106 1108/70/1107 1109/185/1108
f 1106/12/1105 1087/116/1086 1039/25/1038
f 958/166/957 1009/68/1008 1107/26/1106 1039/25/1038
f 1012/188/1011 950/129/949 1056/128/1055 1060/134/1059
f 1011/187/1010 1012/188/1011 1060/134/1059 1059/145/1058
f 1010/69/1009 1009/68/1008 1059/145/1058 1058/144/1057
f 1008/149/1007 1007/211/1006 1058/144/1057 1057/133/1056
f 960/49/959 949/131/948 1002/130/1001 1145/50/1144
f 949/131/948 1008/149/1007 1057/133/1056 1055/132/1054
f 1085/182/1084 1084/181/1083 1012/188/1011 1011/187/1010
f 993/167/992 1118/169/1117 1115/146/1114
f 1111/107/1110 1110/109/1109 1113/91/1112 1112/80/1111
f 938/216/937 1007/211/1006 1155/217/1154 989/218/988
f 1155/217/1154 1007/211/1006 1008/149/1007 1154/148/1153
f 1007/211/1006 938/216/937 1010/69/1009 1058/144/1057
f 1006/165/1005 1116/197/1115 990/10/989 939/13/938
f 1110/109/1109 1004/27/1003 1006/165/1005 1113/91/1112
f 966/47/965 948/46/947 1000/155/999 1137/190/1136
f 948/46/947 1003/45/1002 1066/125/1065 1051/105/1050
f 939/13/938 1151/11/1150 987/219/986
f 1067/126/1066 1066/125/1065 1003/45/1002 1002/130/1001
f 965/186/964 1152/12/1151 1117/94/1116
f 970/43/969 947/42/946 998/162/997 1133/53/1132
f 947/42/946 1001/41/1000 1070/152/1069 1049/98/1048
f 1071/104/1070 1070/152/1069 1001/41/1000 1000/155/999
f 946/35/945 999/34/998 1074/159/1073 1047/177/1046
f 1074/159/1073 999/34/998 998/162/997 1075/97/1074
f 945/5/944 997/4/996 1078/173/1077 1046/142/1045
f 1078/173/1077 997/4/996 996/178/995 1079/170/1078
f 976/36/975 946/35/945 996/178/995 1125/93/1124
f 1000/155/999 1001/41/1000 1136/40/1135 1137/190/1136
f 212/1/212 211/1/211 209/1/209 210/1/210
f 954/160/953 1023/205/1022 1093/195/1092 1035/199/1034
f 1114/30/1113 994/32/993 993/167/992 1115/146/1114
f 981/226/980 982/227/981 1128/228/1127 1129/229/1128
f 944/82/943 992/81/991 1153/230/1152 961/48/960
f 993/167/992 994/32/993 1119/179/1118 1120/231/1119
f 1153/230/1152 992/81/991 991/90/990 1156/232/1155
f 996/178/995 997/4/996 1124/3/1123 1125/93/1124
f 939/13/938 991/90/990 1113/91/1112 1006/165/1005
f 964/233/963 988/25/987 1152/12/1151 965/186/964
f 944/82/943 985/234/984 1149/136/1148 962/79/961
f 944/82/943 961/48/960 1146/51/1145 985/234/984
f 988/25/987 987/219/986 1151/11/1150 1152/12/1151
f 943/67/942 990/10/989 1116/197/1115
f 1117/94/1116 1152/12/1151 1151/11/1150
f 938/216/937 989/218/988 988/25/987 964/233/963
f 1156/232/1155 987/219/986 989/218/988 1155/217/1154
f 990/10/989 943/67/942 1117/94/1116
f 1153/230/1152 1156/232/1155 1155/217/1154 1154/148/1153
f 991/90/990 939/13/938 987/219/986 1156/232/1155
f 942/78/941 986/77/985 1143/242/1142 967/189/966
f 987/219/986 988/25/987 989/218/988
f 1143/242/1142 986/77/985 985/234/984 1146/51/1145
f 942/78/941 983/247/982 1141/248/1140 968/75/967
f 942/78/941 967/189/966 1138/191/1137 983/247/982
f 941/86/940 984/85/983 1135/253/1134 971/52/970
f 985/234/984 986/77/985 1148/76/1147 1149/136/1148
f 1135/253/1134 984/85/983 983/247/982 1138/191/1137
f 940/258/939 982/227/981 1131/259/1130 977/92/976
f 1124/3/1123 995/2/994 1123/59/1122
f 983/247/982 984/85/983 1140/84/1139 1141/248/1140
f 1131/259/1130 982/227/981 981/226/980 1134/54/1133
f 941/86/940 981/226/980 1129/229/1128 972/83/971
f 941/86/940 971/52/970 1134/54/1133 981/226/980
f 940/258/939 978/20/977 1121/261/1120 974/262/973
f 974/262/973 1128/228/1127 982/227/981 940/258/939
f 940/258/939 977/92/976 1126/18/1125 978/20/977
f 978/20/977 980/168/979 1120/231/1119 1121/261/1120
f 460/94/459 286/67/285 308/186/307
f 1119/179/1118 1122/207/1121 1121/261/1120 1120/231/1119
f 1079/170/1078 1047/177/1046 1048/176/1047 1080/171/1079
f 1127/7/1126 975/206/974 956/204/955 1027/8/1026
f 1118/169/1117 1123/59/1122 1115/146/1114
f 1118/169/1117 979/19/978 1123/59/1122
f 1123/59/1122 1126/18/1125 1125/93/1124 1124/3/1123
f 995/2/994 1115/146/1114 1123/59/1122
f 1131/259/1130 1132/33/1131 976/36/975 977/92/976
f 1045/2/1044 1077/172/1076 1029/60/1028
f 979/19/978 1118/169/1117 980/168/979
f 1128/228/1127 974/262/973 975/206/974 1127/7/1126
f 1123/59/1122 979/19/978 1126/18/1125
f 1127/7/1126 1130/6/1129 1129/229/1128 1128/228/1127
f 1122/207/1121 1119/179/1118 1032/180/1031 1031/203/1030
f 1140/84/1139 972/83/971 973/15/972 1139/14/1138
f 1131/259/1130 1134/54/1133 1133/53/1132 1132/33/1131
f 206/1/206 204/1/204 4/1/4 7/1/7
f 1135/253/1134 1136/40/1135 970/43/969 971/52/970
f 1006/165/1005 1005/29/1004 1116/197/1115
f 1135/253/1134 1138/191/1137 1137/190/1136 1136/40/1135
f 1139/14/1138 1142/156/1141 1141/248/1140 1140/84/1139
f 1148/76/1147 968/75/967 969/22/968 1147/21/1146
f 1143/242/1142 1144/44/1143 966/47/965 967/189/966
f 1143/242/1142 1146/51/1145 1145/50/1144 1144/44/1143
f 1147/21/1146 1150/137/1149 1149/136/1148 1148/76/1147
f 975/206/974 974/262/973 1121/261/1120 1122/207/1121
f 978/20/977 979/19/978 980/168/979
f 969/22/968 968/75/967 1141/248/1140 1142/156/1141
f 938/216/937 964/233/963 1108/70/1107 1010/69/1009
f 1108/70/1107 964/233/963 965/186/964 1109/185/1108
f 1112/80/1111 962/79/961 963/135/962 1111/107/1110
f 1014/65/1013 1041/10/1040 1061/138/1060 1013/143/1012
f 1153/230/1152 1154/148/1153 960/49/959 961/48/960
f 111/1/111 114/1/114 95/1/95 92/1/92
f 2/1/2 7/1/7 4/1/4
f 973/15/972 972/83/971 1129/229/1128 1130/6/1129
f 1/1/1 5/1/5 218/1/218 216/1/216
